sample_id,split
Asia-3394,train
Asia-6544,train
Asia-9981,train
Americas-1160,train
Asia-3561,train
Asia-9024,train
Asia-8227,train
Asia-835,train
Oceania-50,train
Asia-1241,train
Asia-1074,train
Asia-10139,train
Asia-5019,train
Asia-9531,train
Asia-1308,train
Asia-7171,train
Asia-3086,train
Asia-10413,train
Asia-628,train
Asia-2728,train
Asia-4311,train
Asia-4692,train
Asia-10388,train
Asia-2588,train
Asia-5874,train
Asia-779,train
Asia-4835,train
Oceania-132,train
Asia-9710,train
Asia-6441,train
Oceania-84,train
Asia-10005,train
Africa-425,train
Asia-9852,train
Oceania-51,train
Asia-8558,train
Asia-9128,train
Europe-280,train
Asia-5602,train
Oceania-134,train
Asia-10400,train
Asia-1468,train
Asia-10637,train
Asia-6324,train
Americas-1163,train
Asia-1342,train
Asia-4553,train
Asia-5958,train
Asia-7628,train
Asia-7690,train
Asia-3118,train
Africa-58,train
Americas-1128,train
Asia-8139,train
Asia-10182,train
Americas-929,train
Asia-8300,train
Americas-948,train
Asia-2439,train
Americas-744,train
Asia-6678,train
Europe-256,train
Asia-763,train
Asia-10161,train
Asia-866,train
Asia-7079,train
Asia-6180,train
Asia-828,train
Asia-9059,train
Asia-5130,train
Asia-1463,train
Asia-4466,train
Americas-685,train
Europe-483,train
Americas-180,train
Asia-6098,train
Asia-1938,train
Asia-7731,train
Asia-10030,train
Asia-10358,train
Asia-532,train
Asia-4381,train
Asia-10734,train
Americas-496,train
Asia-6477,train
Asia-2100,train
Asia-7674,train
Asia-4985,train
Asia-4829,train
Americas-469,train
Asia-2419,train
Americas-710,train
Asia-4793,train
Asia-7708,train
Asia-713,train
Asia-2655,train
Asia-2958,train
Asia-2933,train
Asia-876,train
Asia-777,train
Asia-10084,train
Asia-5888,train
Asia-1253,train
Asia-10378,train
Asia-3030,train
Asia-3043,train
Asia-7969,train
Asia-1631,train
Asia-5421,train
Asia-7868,train
Asia-831,train
Asia-6961,train
Africa-357,train
Asia-214,train
Americas-860,train
Asia-6510,train
Asia-2238,train
Asia-6291,train
Asia-6695,train
Americas-1153,train
Asia-4938,train
Asia-1647,train
Asia-6879,train
Americas-1169,train
Asia-10821,train
Asia-898,train
Americas-695,train
Asia-8544,train
Asia-1725,train
Asia-7497,train
Asia-4015,train
Asia-342,train
Asia-8323,train
Asia-1728,train
Asia-9553,train
Asia-2670,train
Asia-5168,train
Asia-178,train
Asia-4215,train
Asia-1654,train
Americas-330,train
Asia-7330,train
Asia-9282,train
Asia-6744,train
Asia-8237,train
Asia-9486,train
Asia-10530,train
Asia-1683,train
Asia-8115,train
Asia-2604,train
Asia-76,train
Asia-10732,train
Europe-319,train
Europe-331,train
Asia-222,train
Asia-3733,train
Asia-7815,train
Asia-941,train
Asia-4833,train
Africa-53,train
Americas-766,train
Africa-180,train
Asia-3779,train
Asia-4474,train
Africa-93,train
Asia-3291,train
Asia-2104,train
Asia-1201,train
Asia-258,train
Asia-9360,train
Asia-3889,train
Asia-1592,train
Asia-10500,train
Oceania-182,train
Asia-5747,train
Asia-5154,train
Americas-857,train
Asia-3568,train
Asia-8034,train
Europe-109,train
Asia-1266,train
Asia-836,train
Asia-4705,train
Asia-9989,train
Americas-470,train
Asia-4233,train
Asia-5804,train
Asia-6808,train
Asia-4847,train
Asia-5060,train
Asia-8274,train
Asia-2258,train
Asia-6874,train
Asia-3349,train
Asia-10498,train
Asia-5762,train
Americas-422,train
Africa-196,train
Asia-6737,train
Asia-1063,train
Asia-3120,train
Asia-3242,train
Asia-4555,train
Oceania-130,train
Asia-8265,train
Asia-9662,train
Asia-7114,train
Asia-8797,train
Americas-976,train
Asia-9050,train
Asia-2775,train
Asia-8510,train
Asia-7878,train
Asia-5746,train
Asia-8654,train
Asia-3433,train
Asia-4758,train
Asia-2477,train
Americas-726,train
Asia-10404,train
Americas-1074,train
Asia-7351,train
Asia-5734,train
Asia-6173,train
Asia-5702,train
Asia-8214,train
Asia-6049,train
Asia-5936,train
Americas-932,train
Asia-6697,train
Americas-544,train
Asia-2738,train
Asia-981,train
Asia-2273,train
Asia-4132,train
Asia-9587,train
Asia-5430,train
Asia-10282,train
Americas-58,train
Asia-9041,train
Asia-10374,train
Asia-7766,train
Asia-10244,train
Oceania-240,train
Asia-7299,train
Asia-6582,train
Asia-1173,train
Asia-10252,train
Asia-8614,train
Asia-7375,train
Oceania-81,train
Asia-8267,train
Oceania-210,train
Asia-1299,train
Asia-7679,train
Asia-7837,train
Asia-4740,train
Asia-5358,train
Asia-10714,train
Asia-8216,train
Asia-4397,train
Americas-479,train
Asia-4172,train
Asia-1664,train
Asia-2801,train
Asia-9174,train
Asia-8100,train
Asia-8488,train
Asia-3805,train
Asia-7767,train
Asia-2198,train
Americas-1148,train
Asia-10226,train
Asia-1969,train
Asia-4802,train
Asia-10203,train
Asia-4048,train
Europe-299,train
Asia-2276,train
Europe-462,train
Americas-671,train
Asia-808,train
Americas-658,train
Asia-3369,train
Europe-399,train
Asia-686,train
Asia-9762,train
Asia-9447,train
Asia-7345,train
Asia-8784,train
Asia-4828,train
Africa-242,train
Asia-7552,train
Africa-98,train
Asia-9542,train
Asia-2578,train
Asia-5697,train
Asia-6637,train
Asia-10301,train
Asia-4577,train
Americas-418,train
Americas-1171,train
Asia-1294,train
Americas-972,train
Asia-10795,train
Asia-6781,train
Asia-1430,train
Oceania-154,train
Asia-1569,train
Asia-6236,train
Asia-4047,train
Asia-3173,train
Asia-1060,train
Africa-605,train
Africa-384,train
Asia-5170,train
Asia-3700,train
Asia-3366,train
Asia-7639,train
Asia-3555,train
Asia-10640,train
Asia-2034,train
Africa-274,train
Asia-8089,train
Asia-207,train
Asia-1293,train
Africa-529,train
Asia-2886,train
Americas-1101,train
Asia-5946,train
Asia-2835,train
Asia-7013,train
Asia-1391,train
Europe-278,train
Asia-6199,train
Asia-1976,train
Asia-10337,train
Asia-1722,train
Americas-1092,train
Asia-6978,train
Asia-1956,train
Asia-1498,train
Asia-1405,train
Asia-1844,train
Asia-8386,train
Asia-7640,train
Americas-208,train
Asia-5729,train
Asia-9506,train
Americas-669,train
Asia-626,train
Asia-4222,train
Asia-6330,train
Asia-6458,train
Asia-10476,train
Asia-4582,train
Asia-6124,train
Asia-6208,train
Asia-9821,train
Europe-390,train
Asia-7376,train
Asia-2887,train
Asia-1994,train
Asia-10345,train
Asia-4159,train
Asia-1960,train
Asia-238,train
Europe-118,train
Europe-393,train
Asia-1849,train
Asia-9065,train
Asia-176,train
Americas-645,train
Asia-1258,train
Asia-4032,train
Asia-7074,train
Asia-6142,train
Asia-4417,train
Asia-1979,train
Europe-24,train
Asia-62,train
Asia-9846,train
Asia-9446,train
Americas-154,train
Americas-402,train
Asia-6240,train
Asia-6877,train
Europe-427,train
Asia-9902,train
Asia-3180,train
Asia-5593,train
Africa-143,train
Asia-5451,train
Asia-1306,train
Americas-338,train
Asia-10536,train
Asia-8248,train
Asia-1928,train
Asia-5011,train
Asia-8829,train
Asia-8158,train
Americas-612,train
Asia-6449,train
Europe-217,train
Asia-4359,train
Asia-10000,train
Europe-559,train
Asia-4390,train
Europe-555,train
Asia-3268,train
Asia-2002,train
Asia-6156,train
Asia-6880,train
Asia-4968,train
Asia-525,train
Asia-1616,train
Asia-3684,train
Americas-966,train
Asia-8785,train
Asia-6476,train
Americas-677,train
Asia-6105,train
Asia-615,train
Americas-833,train
Asia-5842,train
Asia-4412,train
Asia-237,train
Americas-1189,train
Asia-1503,train
Asia-6143,train
Asia-10709,train
Americas-191,train
Asia-9220,train
Americas-557,train
Asia-38,train
Asia-54,train
Asia-5073,train
Oceania-170,train
Asia-3454,train
Asia-302,train
Asia-3944,train
Asia-6777,train
Asia-113,train
Asia-5688,train
Asia-4823,train
Asia-9756,train
Asia-662,train
Asia-9434,train
Asia-2046,train
Asia-6814,train
Asia-8136,train
Oceania-145,train
Europe-329,train
Asia-7823,train
Asia-9478,train
Asia-10070,train
Asia-3168,train
Asia-947,train
Asia-6391,train
Europe-252,train
Asia-8140,train
Asia-10401,train
Asia-1220,train
Asia-1891,train
Americas-868,train
Asia-4927,train
Asia-6517,train
Asia-10353,train
Asia-4183,train
Asia-9255,train
Asia-9440,train
Americas-865,train
Asia-2515,train
Asia-5563,train
Asia-2542,train
Americas-962,train
Asia-3583,train
Asia-8955,train
Asia-1720,train
Asia-3245,train
Asia-8075,train
Asia-7512,train
Asia-6662,train
Asia-3866,train
Asia-7998,train
Asia-4155,train
Asia-4584,train
Africa-581,train
Asia-3632,train
Asia-8445,train
Asia-6338,train
Asia-1968,train
Asia-862,train
Asia-4099,train
Asia-8822,train
Asia-6855,train
Asia-7710,train
Asia-3395,train
Asia-6042,train
Asia-4173,train
Asia-7296,train
Asia-10222,train
Asia-8891,train
Asia-5758,train
Asia-7311,train
Asia-5040,train
Africa-38,train
Asia-6021,train
Asia-4367,train
Americas-132,train
Asia-6694,train
Europe-459,train
Asia-2906,train
Asia-460,train
Asia-6776,train
Asia-6751,train
Asia-4335,train
Asia-4664,train
Asia-3678,train
Asia-6116,train
Asia-3549,train
Asia-9443,train
Asia-1811,train
Asia-4543,train
Americas-952,train
Asia-2130,train
Asia-4298,train
Asia-6530,train
Asia-4227,train
Europe-220,train
Asia-8503,train
Asia-9327,train
Asia-1679,train
Asia-9926,train
Asia-9759,train
Asia-2689,train
Asia-2331,train
Americas-76,train
Europe-189,train
Asia-5619,train
Asia-1398,train
Asia-2377,train
Asia-1304,train
Asia-2207,train
Asia-124,train
Asia-803,train
Asia-10407,train
Asia-1864,train
Asia-29,train
Asia-9096,train
Asia-123,train
Asia-6278,train
Asia-6421,train
Asia-2066,train
Asia-10195,train
Asia-2993,train
Asia-9436,train
Asia-2915,train
Asia-9349,train
Asia-5375,train
Asia-10689,train
Americas-522,train
Asia-7466,train
Americas-162,train
Asia-1565,train
Americas-606,train
Asia-6716,train
Americas-1155,train
Asia-9966,train
Asia-10092,train
Asia-8395,train
Africa-429,train
Asia-420,train
Asia-8027,train
Americas-751,train
Asia-9773,train
Asia-1978,train
Asia-2892,train
Asia-8884,train
Asia-7091,train
Asia-7825,train
Americas-303,train
Asia-7898,train
Asia-1028,train
Asia-1799,train
Asia-1934,train
Asia-3721,train
Asia-9860,train
Asia-2799,train
Oceania-161,train
Asia-3181,train
Oceania-241,train
Asia-9196,train
Asia-4946,train
Asia-2730,train
Americas-406,train
Africa-518,train
Asia-384,train
Asia-10334,train
Asia-6414,train
Asia-7390,train
Asia-2432,train
Europe-362,train
Asia-10144,train
Asia-5138,train
Europe-153,train
Asia-8780,train
Asia-3073,train
Europe-213,train
Europe-161,train
Asia-5745,train
Asia-9672,train
Asia-10626,train
Oceania-109,train
Asia-10796,train
Asia-7235,train
Asia-9948,train
Europe-26,train
Asia-1078,train
Asia-10031,train
Asia-5489,train
Asia-9668,train
Asia-7605,train
Asia-4483,train
Asia-5725,train
Americas-1176,train
Asia-6250,train
Asia-452,train
Africa-432,train
Asia-1210,train
Europe-448,train
Asia-548,train
Asia-4152,train
Americas-882,train
Asia-7360,train
Asia-1151,train
Asia-9238,train
Americas-442,train
Europe-527,train
Asia-3914,train
Asia-2547,train
Asia-2664,train
Asia-10572,train
Asia-9940,train
Asia-9194,train
Americas-1108,train
Asia-6780,train
Europe-597,train
Asia-9367,train
Asia-3508,train
Americas-1131,train
Europe-587,train
Asia-5945,train
Asia-559,train
Americas-240,train
Asia-1377,train
Asia-6738,train
Asia-7084,train
Asia-6696,train
Asia-6774,train
Asia-1501,train
Asia-2286,train
Asia-8005,train
Asia-279,train
Asia-7965,train
Asia-1764,train
Asia-1464,train
Asia-1779,train
Asia-5328,train
Asia-515,train
Americas-1026,train
Americas-740,train
Asia-979,train
Asia-10148,train
Asia-631,train
Asia-6983,train
Asia-8281,train
Asia-8052,train
Asia-956,train
Asia-2706,train
Asia-8287,train
Asia-10759,train
Asia-10518,train
Africa-471,train
Asia-8070,train
Asia-774,train
Asia-8313,train
Asia-3672,train
Africa-89,train
Asia-8338,train
Asia-10606,train
Asia-4591,train
Asia-7195,train
Asia-6998,train
Asia-2131,train
Asia-3703,train
Asia-1576,train
Asia-6676,train
Asia-10076,train
Asia-4751,train
Asia-315,train
Asia-9047,train
Asia-9168,train
Asia-1506,train
Asia-1612,train
Americas-22,train
Africa-480,train
Asia-10629,train
Asia-10397,train
Asia-2346,train
Asia-2446,train
Asia-918,train
Asia-5202,train
Asia-3333,train
Asia-510,train
Americas-281,train
Asia-9638,train
Asia-1805,train
Asia-180,train
Asia-9998,train
Asia-1250,train
Asia-10697,train
Asia-9967,train
Asia-1235,train
Asia-6176,train
Asia-3742,train
Asia-10264,train
Asia-4280,train
Asia-1782,train
Asia-6377,train
Asia-4762,train
Europe-257,train
Asia-3130,train
Asia-4724,train
Africa-408,train
Asia-1118,train
Asia-4409,train
Asia-4205,train
Africa-600,train
Asia-4176,train
Asia-4651,train
Asia-7,train
Americas-660,train
Asia-9033,train
Asia-10016,train
Asia-3833,train
Europe-281,train
Asia-2015,train
Americas-68,train
Asia-5954,train
Asia-8487,train
Asia-10566,train
Asia-8429,train
Asia-1239,train
Asia-682,train
Africa-548,train
Asia-4153,train
Asia-8944,train
Asia-1413,train
Asia-1868,train
Asia-6918,train
Americas-834,train
Asia-8650,train
Asia-1816,train
Oceania-217,train
Asia-4260,train
Asia-341,train
Asia-7599,train
Asia-6017,train
Asia-7451,train
Americas-1162,train
Africa-523,train
Asia-9712,train
Asia-2942,train
Asia-8228,train
Asia-992,train
Asia-4918,train
Oceania-201,train
Asia-10392,train
Africa-312,train
Europe-538,train
Asia-4529,train
Europe-566,train
Asia-7454,train
Americas-179,train
Asia-6170,train
Asia-3524,train
Asia-4886,train
Asia-9914,train
Asia-3540,train
Asia-9600,train
Asia-5054,train
Asia-2421,train
Asia-8039,train
Africa-218,train
Asia-10808,train
Asia-7493,train
Asia-4931,train
Asia-4722,train
Asia-3727,train
Africa-59,train
Asia-7143,train
Africa-172,train
Africa-48,train
Oceania-24,train
Asia-597,train
Asia-56,train
Asia-3423,train
Asia-5179,train
Asia-6673,train
Asia-2317,train
Asia-10525,train
Asia-1986,train
Asia-1530,train
Asia-9898,train
Americas-517,train
Asia-7946,train
Asia-2236,train
Asia-3791,train
Asia-7406,train
Asia-8587,train
Asia-3936,train
Asia-1700,train
Asia-9880,train
Asia-5078,train
Asia-2534,train
Asia-9399,train
Asia-3748,train
Asia-2425,train
Asia-8148,train
Asia-10336,train
Asia-7302,train
Asia-4424,train
Asia-7622,train
Asia-9465,train
Oceania-45,train
Asia-4046,train
Asia-6504,train
Asia-9906,train
Asia-1159,train
Asia-1193,train
Asia-5336,train
Asia-8618,train
Asia-1109,train
Asia-7569,train
Asia-3876,train
Asia-3276,train
Asia-239,train
Asia-8103,train
Asia-5586,train
Asia-4638,train
Asia-8468,train
Asia-7658,train
Asia-4120,train
Americas-349,train
Asia-472,train
Asia-10680,train
Asia-4450,train
Asia-7962,train
Asia-694,train
Asia-7158,train
Asia-6407,train
Africa-65,train
Europe-184,train
Asia-4257,train
Asia-1993,train
Africa-375,train
Asia-310,train
Asia-9395,train
Asia-3109,train
Americas-563,train
Asia-833,train
Asia-8978,train
Americas-986,train
Asia-2308,train
Asia-4854,train
Asia-1861,train
Asia-8485,train
Asia-3911,train
Asia-164,train
Asia-9760,train
Asia-9679,train
Asia-552,train
Asia-1149,train
Americas-899,train
Asia-3267,train
Americas-27,train
Asia-4290,train
Asia-1002,train
Europe-352,train
Oceania-119,train
Asia-5712,train
Asia-3977,train
Asia-7483,train
Americas-898,train
Asia-7029,train
Asia-5684,train
Asia-4513,train
Asia-1846,train
Asia-758,train
Asia-2635,train
Asia-9078,train
Africa-606,train
Asia-10831,train
Asia-4598,train
Africa-427,train
Asia-4525,train
Asia-3294,train
Asia-9690,train
Asia-8655,train
Asia-7023,train
Asia-10744,train
Asia-1706,train
Asia-7082,train
Asia-8997,train
Asia-989,train
Asia-3997,train
Asia-9038,train
Asia-1943,train
Asia-3153,train
Asia-7464,train
Asia-7285,train
Americas-1041,train
Asia-3853,train
Asia-5620,train
Asia-6823,train
Asia-4669,train
Asia-1545,train
Asia-2549,train
Asia-8579,train
Asia-668,train
Asia-4633,train
Asia-5708,train
Asia-8751,train
Asia-5436,train
Asia-1873,train
Asia-6175,train
Asia-9691,train
Africa-361,train
Asia-8761,train
Asia-579,train
Asia-26,train
Asia-10094,train
Asia-2454,train
Asia-5478,train
Oceania-94,train
Asia-366,train
Asia-8849,train
Asia-8146,train
Asia-3128,train
Asia-1362,train
Asia-10843,train
Asia-5496,train
Asia-147,train
Asia-5349,train
Asia-1452,train
Africa-319,train
Americas-881,train
Europe-451,train
Asia-4536,train
Americas-747,train
Asia-6204,train
Asia-10396,train
Africa-28,train
Asia-3499,train
Europe-502,train
Asia-3259,train
Asia-7094,train
Asia-670,train
Europe-369,train
Asia-4122,train
Asia-6472,train
Asia-7142,train
Asia-7616,train
Asia-3513,train
Asia-5962,train
Asia-5411,train
Asia-10056,train
Asia-10682,train
Asia-590,train
Asia-2794,train
Asia-10641,train
Asia-1426,train
Asia-10647,train
Asia-3048,train
Asia-629,train
Asia-5259,train
Asia-10216,train
Asia-2274,train
Asia-4371,train
Asia-2899,train
Asia-2165,train
Asia-10426,train
Asia-479,train
Asia-4364,train
Asia-7582,train
Asia-6138,train
Asia-5327,train
Asia-3447,train
Asia-6058,train
Asia-3481,train
Asia-8926,train
Asia-27,train
Asia-8304,train
Asia-676,train
Americas-901,train
Asia-658,train
Asia-4000,train
Asia-3445,train
Asia-2295,train
Asia-10204,train
Asia-4776,train
Asia-2737,train
Asia-8734,train
Europe-51,train
Asia-10338,train
Asia-10487,train
Asia-2779,train
Asia-1313,train
Africa-27,train
Americas-501,train
Asia-617,train
Asia-10794,train
Asia-3005,train
Europe-440,train
Oceania-96,train
Asia-1542,train
Asia-5769,train
Americas-514,train
Oceania-181,train
Asia-10125,train
Asia-1138,train
Asia-9461,train
Asia-6110,train
Asia-2786,train
Americas-316,train
Asia-10274,train
Asia-9143,train
Asia-10179,train
Asia-7689,train
Asia-4870,train
Asia-6386,train
Asia-2580,train
Asia-2644,train
Asia-10111,train
Asia-817,train
Asia-7405,train
Asia-6406,train
Asia-1910,train
Asia-2631,train
Africa-470,train
Asia-2223,train
Asia-2090,train
Asia-1010,train
Asia-5056,train
Asia-2172,train
Africa-455,train
Asia-7048,train
Asia-9736,train
Asia-7072,train
Asia-6529,train
Asia-10174,train
Asia-3014,train
Asia-3736,train
Asia-4026,train
Asia-5913,train
Africa-488,train
Europe-167,train
Asia-4253,train
Americas-975,train
Europe-387,train
Asia-982,train
Europe-232,train
Asia-398,train
Europe-326,train
Asia-1133,train
Asia-10460,train
Asia-9590,train
Asia-1705,train
Asia-1869,train
Asia-2723,train
Asia-2267,train
Asia-2126,train
Asia-1558,train
Asia-9612,train
Asia-7053,train
Asia-9530,train
Asia-724,train
Africa-314,train
Africa-341,train
Americas-802,train
Asia-3799,train
Asia-2163,train
Asia-9874,train
Americas-253,train
Asia-3473,train
Asia-6558,train
Asia-869,train
Asia-3983,train
Asia-6712,train
Asia-8238,train
Americas-852,train
Asia-3204,train
Asia-4419,train
Asia-5947,train
Asia-6711,train
Asia-208,train
Asia-8748,train
Asia-4840,train
Asia-4990,train
Asia-5147,train
Asia-8106,train
Americas-272,train
Asia-1290,train
Asia-6436,train
Asia-5067,train
Africa-194,train
Asia-6568,train
Asia-1231,train
Asia-10729,train
Asia-2506,train
Asia-4770,train
Asia-3116,train
Asia-2348,train
Asia-9482,train
Asia-6835,train
Asia-3271,train
Asia-9382,train
Asia-8480,train
Asia-819,train
Asia-8615,train
Europe-162,train
Asia-10166,train
Asia-7032,train
Asia-9072,train
Asia-3088,train
Asia-5877,train
Asia-4387,train
Asia-5885,train
Asia-2390,train
Asia-9522,train
Asia-9471,train
Africa-347,train
Asia-6940,train
Asia-2315,train
Asia-1232,train
Asia-7191,train
Asia-1336,train
Asia-8922,train
Asia-5576,train
Asia-5645,train
Asia-1295,train
Africa-67,train
Africa-24,train
Asia-4863,train
Asia-842,train
Africa-114,train
Asia-8636,train
Africa-264,train
Asia-4876,train
Asia-6269,train
Asia-749,train
Asia-9803,train
Asia-6965,train
Americas-88,train
Asia-6893,train
Africa-187,train
Asia-2893,train
Asia-3570,train
Asia-8530,train
Asia-9070,train
Asia-4258,train
Asia-47,train
Asia-1364,train
Asia-2527,train
Asia-8949,train
Asia-9424,train
Asia-10725,train
Asia-4590,train
Asia-7132,train
Asia-9236,train
Asia-6036,train
Asia-3234,train
Asia-9154,train
Europe-614,train
Asia-9186,train
Asia-3060,train
Americas-360,train
Asia-9030,train
Asia-7565,train
Asia-2203,train
Americas-283,train
Asia-9594,train
Asia-198,train
Asia-9120,train
Asia-7003,train
Asia-8840,train
Asia-2328,train
Asia-4383,train
Asia-2235,train
Asia-4777,train
Asia-6010,train
Americas-1184,train
Asia-2798,train
Asia-7806,train
Asia-7344,train
Americas-46,train
Asia-1602,train
Asia-4989,train
Asia-7039,train
Asia-10722,train
Oceania-115,train
Asia-6705,train
Asia-6428,train
Asia-1572,train
Asia-693,train
Asia-9899,train
Asia-3566,train
Asia-10711,train
Asia-1944,train
Europe-38,train
Asia-1261,train
Asia-3281,train
Asia-9702,train
Americas-1139,train
Europe-35,train
Asia-5420,train
Asia-2487,train
Americas-224,train
Asia-7707,train
Asia-8423,train
Americas-285,train
Asia-10850,train
Asia-9151,train
Asia-7239,train
Asia-1518,train
Asia-6911,train
Asia-10090,train
Asia-10197,train
Asia-4024,train
Asia-7613,train
Asia-2053,train
Asia-2653,train
Asia-1822,train
Asia-7113,train
Europe-157,train
Asia-3720,train
Asia-3878,train
Asia-3092,train
Asia-4010,train
Asia-480,train
Asia-2713,train
Asia-2581,train
Asia-2122,train
Asia-2640,train
Asia-10347,train
Asia-9865,train
Asia-2939,train
Asia-10524,train
Asia-9466,train
Asia-4625,train
Americas-182,train
Europe-613,train
Asia-10073,train
Asia-5408,train
Asia-2022,train
Asia-5069,train
Asia-1206,train
Asia-9701,train
Asia-8408,train
Americas-91,train
Asia-6603,train
Americas-629,train
Asia-6844,train
Asia-2227,train
Asia-8456,train
Asia-2417,train
Asia-6430,train
Americas-123,train
Asia-8101,train
Asia-9547,train
Asia-4236,train
Europe-129,train
Asia-7350,train
Asia-5492,train
Asia-5076,train
Asia-4699,train
Asia-4808,train
Asia-10631,train
Asia-1739,train
Americas-528,train
Asia-1469,train
Asia-905,train
Americas-315,train
Asia-5488,train
Asia-3741,train
Asia-6595,train
Asia-9790,train
Asia-3836,train
Asia-10053,train
Asia-10661,train
Americas-270,train
Asia-6584,train
Asia-2780,train
Asia-6599,train
Asia-8379,train
Oceania-147,train
Africa-14,train
Asia-2533,train
Asia-3863,train
Asia-2511,train
Asia-9068,train
Asia-8767,train
Asia-1485,train
Asia-8564,train
Africa-603,train
Europe-307,train
Asia-1154,train
Asia-650,train
Asia-9181,train
Americas-921,train
Asia-7685,train
Asia-6571,train
Asia-1659,train
Asia-8559,train
Asia-7957,train
Asia-10699,train
Asia-9010,train
Asia-2059,train
Americas-941,train
Asia-10098,train
Asia-8524,train
Africa-403,train
Americas-474,train
Asia-9398,train
Asia-8184,train
Asia-5340,train
Asia-5868,train
Asia-3129,train
Asia-911,train
Asia-10758,train
Asia-6258,train
Asia-3918,train
Americas-1003,train
Asia-4991,train
Asia-1300,train
Americas-1181,train
Asia-1492,train
Asia-8262,train
Asia-7729,train
Asia-5547,train
Oceania-159,train
Asia-7495,train
Asia-6478,train
Asia-9936,train
Asia-2707,train
Asia-10126,train
Asia-8364,train
Asia-3063,train
Asia-10305,train
Asia-7627,train
Asia-165,train
Asia-984,train
Asia-8399,train
Asia-2531,train
Asia-6601,train
Asia-4977,train
Asia-1642,train
Asia-4224,train
Asia-5727,train
Europe-423,train
Asia-5785,train
Asia-3299,train
Asia-1533,train
Americas-440,train
Asia-3390,train
Asia-1756,train
Asia-10442,train
Asia-8741,train
Asia-5608,train
Asia-3378,train
Asia-9607,train
Asia-1277,train
Asia-4201,train
Asia-5709,train
Asia-9941,train
Asia-10799,train
Asia-10271,train
Asia-5788,train
Europe-344,train
Asia-3240,train
Americas-984,train
Asia-1274,train
Asia-2516,train
Africa-521,train
Asia-4844,train
Asia-8083,train
Asia-2855,train
Africa-268,train
Europe-560,train
Asia-4118,train
Asia-8011,train
Asia-7843,train
Asia-1560,train
Americas-854,train
Asia-10029,train
Asia-502,train
Americas-510,train
Africa-476,train
Asia-3355,train
Asia-3117,train
Asia-10418,train
Asia-2896,train
Asia-9247,train
Africa-66,train
Africa-618,train
Asia-3041,train
Asia-183,train
Asia-2450,train
Asia-5977,train
Asia-7093,train
Asia-7222,train
Europe-39,train
Asia-10275,train
Africa-225,train
Asia-5588,train
Asia-3526,train
Americas-103,train
Asia-3584,train
Asia-10679,train
Asia-6505,train
Asia-1907,train
Europe-442,train
Asia-7917,train
Europe-86,train
Asia-9864,train
Asia-6468,train
Asia-6123,train
Asia-5330,train
Asia-3776,train
Americas-1149,train
Americas-116,train
Asia-10328,train
Americas-845,train
Asia-4137,train
Asia-205,train
Asia-4791,train
Asia-7910,train
Asia-1389,train
Asia-7097,train
Asia-1875,train
Asia-883,train
Asia-10710,train
Asia-5112,train
Asia-3829,train
Asia-603,train
Asia-7834,train
Asia-5706,train
Asia-4085,train
Asia-4733,train
Asia-2133,train
Asia-3254,train
Asia-9507,train
Asia-4862,train
Americas-538,train
Asia-2696,train
Asia-3629,train
Asia-6313,train
Asia-5733,train
Europe-185,train
Asia-4350,train
Americas-635,train
Americas-1044,train
Asia-6824,train
Africa-134,train
Asia-5039,train
Asia-1701,train
Asia-6179,train
Asia-8695,train
Asia-8844,train
Asia-5711,train
Asia-6044,train
Americas-674,train
Americas-999,train
Asia-3407,train
Asia-7292,train
Asia-5952,train
Oceania-190,train
Americas-331,train
Asia-8598,train
Americas-583,train
Asia-2654,train
Asia-9994,train
Asia-41,train
Asia-1837,train
Asia-8354,train
Asia-10539,train
Americas-700,train
Asia-1333,train
Europe-203,train
Asia-10213,train
Asia-7057,train
Asia-1310,train
Asia-1615,train
Asia-7131,train
Africa-376,train
Asia-3651,train
Asia-4576,train
Americas-904,train
Asia-8951,train
Oceania-88,train
Asia-5285,train
Asia-4921,train
Europe-381,train
Oceania-14,train
Asia-155,train
Asia-9687,train
Asia-7526,train
Americas-841,train
Americas-1116,train
Asia-9183,train
Asia-5654,train
Asia-6002,train
Asia-5325,train
Oceania-30,train
Asia-9396,train
Asia-2462,train
Asia-7146,train
Oceania-33,train
Asia-272,train
Asia-9201,train
Asia-10086,train
Asia-1054,train
Asia-9743,train
Asia-4848,train
Asia-1018,train
Asia-1030,train
Asia-7236,train
Asia-545,train
Asia-1568,train
Asia-1949,train
Asia-4656,train
Asia-10501,train
Americas-184,train
Asia-4541,train
Asia-3846,train
Asia-2461,train
Asia-5024,train
Asia-3183,train
Americas-1123,train
Africa-492,train
Asia-5761,train
Asia-10468,train
Asia-9385,train
Asia-1998,train
Asia-8837,train
Americas-441,train
Asia-5041,train
Europe-437,train
Americas-486,train
Asia-10010,train
Africa-208,train
Asia-3250,train
Asia-5754,train
Asia-7715,train
Asia-1803,train
Asia-681,train
Asia-7760,train
Asia-221,train
Americas-871,train
Americas-19,train
Asia-5558,train
Asia-10421,train
Asia-7783,train
Africa-289,train
Asia-7087,train
Asia-4396,train
Asia-2960,train
Asia-10806,train
Asia-6127,train
Europe-145,train
Asia-7984,train
Asia-1050,train
Asia-6060,train
Americas-628,train
Asia-2094,train
Asia-5818,train
Africa-226,train
Asia-10503,train
Asia-8595,train
Asia-5142,train
Asia-6275,train
Asia-100,train
Americas-553,train
Asia-5870,train
Asia-2098,train
Asia-654,train
Asia-3521,train
Asia-4558,train
Asia-2684,train
Europe-301,train
Africa-280,train
Asia-7247,train
Asia-9982,train
Americas-133,train
Asia-565,train
Asia-9700,train
Europe-271,train
Asia-8260,train
Asia-4250,train
Asia-3260,train
Asia-10273,train
Asia-9082,train
Africa-576,train
Asia-3334,train
Asia-7694,train
Asia-8175,train
Asia-7538,train
Asia-6672,train
Asia-3482,train
Africa-562,train
Asia-10410,train
Americas-1121,train
Europe-94,train
Asia-9000,train
Asia-4415,train
Asia-1913,train
Asia-8688,train
Americas-323,train
Asia-184,train
Europe-615,train
Asia-9300,train
Asia-5878,train
Asia-9667,train
Asia-2929,train
Asia-1084,train
Asia-5730,train
Oceania-244,train
Asia-1771,train
Asia-9900,train
Oceania-186,train
Europe-276,train
Asia-2209,train
Asia-7331,train
Asia-3476,train
Asia-9634,train
Asia-1064,train
Americas-481,train
Asia-9562,train
Asia-778,train
Asia-3850,train
Asia-8726,train
Americas-811,train
Asia-4246,train
Asia-9671,train
Asia-3957,train
Africa-99,train
Asia-2224,train
Asia-813,train
Asia-1247,train
Asia-6333,train
Asia-3725,train
Asia-6576,train
Asia-1431,train
Asia-1980,train
Asia-991,train
Europe-510,train
Asia-10352,train
Asia-3174,train
Asia-10451,train
Asia-9149,train
Asia-2731,train
Asia-4628,train
Europe-115,train
Asia-7472,train
Asia-9908,train
Africa-130,train
Asia-385,train
Asia-9426,train
Asia-8621,train
Asia-9293,train
Asia-267,train
Asia-8861,train
Asia-5839,train
Asia-9654,train
Asia-6395,train
Asia-6433,train
Asia-9269,train
Asia-5365,train
Asia-4313,train
Asia-8057,train
Asia-1223,train
Asia-7258,train
Asia-209,train
Asia-645,train
Asia-3663,train
Asia-9598,train
Asia-7058,train
Asia-348,train
Asia-3535,train
Asia-3739,train
Asia-3817,train
Asia-8331,train
Asia-402,train
Asia-4055,train
Asia-7851,train
Asia-8934,train
Asia-9075,train
Americas-429,train
Asia-10018,train
Asia-801,train
Oceania-135,train
Oceania-124,train
Asia-10020,train
Asia-573,train
Asia-6748,train
Asia-9048,train
Asia-9781,train
Asia-459,train
Americas-764,train
Europe-365,train
Asia-4256,train
Asia-9346,train
Asia-2917,train
Asia-3820,train
Asia-2365,train
Asia-73,train
Asia-6093,train
Asia-4998,train
Asia-1653,train
Americas-348,train
Asia-6942,train
Asia-9390,train
Asia-3774,train
Asia-2275,train
Asia-9758,train
Asia-764,train
Asia-794,train
Asia-1098,train
Asia-5981,train
Asia-2173,train
Asia-2749,train
Asia-1034,train
Americas-1035,train
Asia-8874,train
Asia-8068,train
Asia-3451,train
Asia-1727,train
Africa-243,train
Asia-576,train
Asia-10751,train
Asia-9418,train
Oceania-162,train
Asia-6069,train
Asia-3357,train
Asia-761,train
Asia-1823,train
Asia-6871,train
Asia-8640,train
Asia-2263,train
Asia-1807,train
Asia-770,train
Asia-1016,train
Asia-1013,train
Americas-282,train
Asia-4597,train
Asia-4892,train
Europe-380,train
Europe-186,train
Oceania-231,train
Americas-455,train
Asia-6353,train
Asia-5141,train
Asia-1132,train
Asia-3441,train
Americas-1158,train
Europe-180,train
Asia-8266,train
Asia-2491,train
Asia-9129,train
Asia-5118,train
Europe-124,train
Asia-8464,train
Asia-4016,train
Asia-10642,train
Asia-7968,train
Africa-454,train
Oceania-167,train
Europe-221,train
Asia-5772,train
Asia-9011,train
Asia-2721,train
Asia-9291,train
Asia-5934,train
Asia-7391,train
Asia-6992,train
Europe-419,train
Europe-570,train
Asia-6670,train
Asia-9912,train
Americas-795,train
Africa-338,train
Asia-8999,train
Europe-411,train
Asia-5395,train
Asia-1932,train
Asia-10582,train
Asia-79,train
Asia-3500,train
Asia-8359,train
Asia-10165,train
Asia-4170,train
Asia-3206,train
Asia-7073,train
Americas-426,train
Asia-7149,train
Asia-2690,train
Asia-4697,train
Asia-7139,train
Asia-8600,train
Asia-10136,train
Asia-4204,train
Asia-755,train
Asia-325,train
Asia-948,train
Asia-9370,train
Asia-3226,train
Asia-6075,train
Europe-107,train
Americas-698,train
Asia-7320,train
Asia-2357,train
Asia-1507,train
Asia-6921,train
Europe-430,train
Americas-1009,train
Asia-8823,train
Asia-2913,train
Asia-10663,train
Asia-9593,train
Asia-6996,train
Asia-131,train
Africa-410,train
Asia-8000,train
Asia-7046,train
Asia-6285,train
Americas-4,train
Asia-5105,train
Asia-7952,train
Asia-140,train
Asia-599,train
Asia-3804,train
Asia-4480,train
Asia-8984,train
Africa-121,train
Asia-6851,train
Asia-2724,train
Asia-725,train
Asia-9713,train
Asia-277,train
Asia-2554,train
Asia-6909,train
Asia-4509,train
Asia-10152,train
Asia-7738,train
Africa-453,train
Oceania-228,train
Asia-7471,train
Asia-8190,train
Asia-2490,train
Asia-1793,train
Asia-10531,train
Asia-3943,train
Asia-2642,train
Americas-190,train
Asia-328,train
Asia-557,train
Asia-8252,train
Asia-7794,train
Americas-464,train
Asia-9703,train
Asia-8032,train
Asia-7151,train
Asia-815,train
Asia-1903,train
Asia-6534,train
Asia-10439,train
Europe-461,train
Asia-9135,train
Americas-216,train
Asia-7539,train
Asia-5172,train
Asia-6525,train
Asia-3654,train
Americas-386,train
Americas-383,train
Asia-2826,train
Africa-597,train
Asia-9289,train
Asia-7163,train
Asia-5461,train
Americas-197,train
Africa-266,train
Asia-4648,train
Asia-9295,train
Asia-4755,train
Asia-8397,train
Asia-5989,train
Asia-2951,train
Americas-51,train
Asia-3490,train
Asia-2092,train
Asia-3704,train
Asia-3605,train
Asia-8191,train
Asia-8478,train
Asia-1198,train
Americas-485,train
Asia-7304,train
Asia-55,train
Asia-5387,train
Asia-542,train
Asia-6082,train
Asia-5774,train
Africa-493,train
Asia-4277,train
Asia-9279,train
Asia-5504,train
Asia-9862,train
Africa-456,train
Asia-9267,train
Asia-7553,train
Asia-10449,train
Asia-4987,train
Asia-3187,train
Asia-1539,train
Asia-5100,train
Asia-3475,train
Asia-122,train
Asia-6725,train
Asia-4510,train
Asia-7010,train
Europe-324,train
Asia-3795,train
Asia-7807,train
Asia-5944,train
Asia-433,train
Asia-647,train
Asia-1622,train
Asia-1736,train
Asia-9866,train
Asia-1688,train
Asia-1947,train
Asia-5641,train
Asia-3585,train
Asia-3054,train
Asia-3141,train
Asia-4267,train
Asia-6063,train
Asia-8578,train
Europe-618,train
Asia-3090,train
Asia-7180,train
Asia-10788,train
Europe-424,train
Asia-7655,train
Asia-3580,train
Asia-7462,train
Europe-224,train
Asia-7044,train
Asia-286,train
Asia-5996,train
Asia-7604,train
Asia-5759,train
Asia-1437,train
Asia-9287,train
Asia-4174,train
Asia-6316,train
Asia-386,train
Asia-19,train
Asia-6431,train
Asia-2307,train
Asia-8933,train
Asia-7623,train
Asia-5848,train
Asia-2785,train
Asia-9829,train
Asia-3237,train
Africa-367,train
Asia-8931,train
Asia-6968,train
Asia-10102,train
Asia-2634,train
Asia-9497,train
Asia-3968,train
Asia-4749,train
Asia-570,train
Asia-3452,train
Asia-9359,train
Europe-569,train
Oceania-175,train
Americas-277,train
Asia-9999,train
Asia-10467,train
Asia-3802,train
Asia-7313,train
Asia-10059,train
Asia-2265,train
Europe-43,train
Asia-7737,train
Asia-9097,train
Europe-139,train
Asia-9684,train
Asia-10574,train
Americas-352,train
Asia-616,train
Asia-798,train
Asia-2888,train
Asia-219,train
Asia-9841,train
Asia-6745,train
Americas-794,train
Asia-3986,train
Americas-998,train
Oceania-225,train
Asia-10573,train
Asia-10205,train
Africa-458,train
Americas-357,train
Americas-143,train
Asia-2748,train
Asia-5469,train
Asia-4641,train
Asia-10261,train
Asia-5248,train
Asia-10558,train
Asia-9137,train
Asia-7162,train
Asia-5449,train
Americas-605,train
Asia-6200,train
Americas-1014,train
Asia-9766,train
Americas-967,train
Europe-544,train
Asia-4431,train
Asia-3716,train
Asia-6455,train
Asia-8197,train
Americas-13,train
Asia-10600,train
Asia-3350,train
Africa-189,train
Asia-1519,train
Asia-8044,train
Asia-3764,train
Europe-383,train
Asia-673,train
Asia-4718,train
Asia-6800,train
Asia-8749,train
Asia-6310,train
Asia-6838,train
Asia-1827,train
Europe-486,train
Asia-6134,train
Asia-3244,train
Americas-943,train
Asia-2204,train
Asia-9079,train
Asia-9126,train
Asia-10750,train
Asia-1995,train
Asia-4911,train
Asia-2973,train
Asia-6137,train
Asia-7722,train
Asia-7570,train
Asia-3158,train
Asia-6411,train
Asia-10260,train
Africa-362,train
Asia-5607,train
Asia-832,train
Europe-592,train
Americas-626,train
Asia-5133,train
Asia-4482,train
Asia-8653,train
Asia-7403,train
Africa-481,train
Asia-10283,train
Asia-6847,train
Asia-1329,train
Asia-2498,train
Asia-8942,train
Oceania-208,train
Asia-6856,train
Asia-3497,train
Asia-7829,train
Asia-2405,train
Europe-407,train
Asia-875,train
Asia-6427,train
Europe-144,train
Europe-174,train
Asia-8402,train
Asia-3393,train
Asia-8910,train
Asia-5299,train
Asia-5157,train
Asia-5613,train
Asia-2788,train
Asia-5852,train
Asia-6610,train
Asia-6579,train
Americas-1011,train
Asia-4045,train
Asia-8223,train
Asia-10306,train
Asia-1415,train
Asia-5748,train
Asia-7243,train
Asia-2464,train
Europe-513,train
Asia-3548,train
Asia-773,train
Asia-7902,train
Americas-569,train
Africa-370,train
Asia-2030,train
Americas-168,train
Americas-420,train
Asia-6043,train
Africa-614,train
Asia-644,train
Asia-3753,train
Asia-5286,train
Asia-9302,train
Asia-5584,train
Americas-949,train
Asia-5574,train
Asia-4360,train
Oceania-178,train
Africa-34,train
Africa-163,train
Asia-3958,train
Asia-2903,train
Asia-2705,train
Asia-2038,train
Asia-5861,train
Asia-3377,train
Americas-15,train
Asia-9214,train
Asia-5559,train
Asia-2876,train
Asia-4858,train
Asia-3432,train
Asia-4920,train
Asia-821,train
Asia-4058,train
Asia-5616,train
Oceania-152,train
Europe-287,train
Americas-735,train
Asia-4612,train
Asia-220,train
Asia-642,train
Asia-10685,train
Europe-99,train
Europe-458,train
Asia-5624,train
Asia-3595,train
Asia-5808,train
Asia-1130,train
Asia-1219,train
Americas-953,train
Americas-94,train
Asia-3217,train
Asia-3305,train
Africa-380,train
Asia-8887,train
Asia-1183,train
Asia-9827,train
Asia-4614,train
Asia-6279,train
Asia-3093,train
Asia-5373,train
Asia-8142,train
Europe-37,train
Americas-631,train
Asia-3122,train
Asia-5722,train
Asia-1721,train
Oceania-58,train
Asia-939,train
Asia-2397,train
Asia-5914,train
Asia-8744,train
Asia-8048,train
Asia-2701,train
Asia-5238,train
Asia-4470,train
Americas-1151,train
Asia-4947,train
Asia-1037,train
Americas-940,train
Americas-565,train
Asia-9804,train
Asia-7262,train
Asia-8758,train
Asia-2591,train
Asia-6556,train
Asia-877,train
Asia-9053,train
Americas-256,train
Asia-1347,train
Asia-3110,train
Asia-1265,train
Asia-9088,train
Asia-2408,train
Americas-531,train
Asia-10820,train
Asia-2845,train
Europe-471,train
Asia-244,train
Asia-9603,train
Asia-6749,train
Asia-5453,train
Americas-556,train
Africa-351,train
Asia-6858,train
Asia-1035,train
Asia-3899,train
Asia-8672,train
Asia-5851,train
Asia-2686,train
Asia-9636,train
Asia-2704,train
Africa-176,train
Asia-8817,train
Asia-9412,train
Europe-455,train
Asia-5409,train
Asia-4654,train
Asia-6703,train
Asia-8165,train
Americas-306,train
Asia-6883,train
Asia-3963,train
Asia-7669,train
Asia-7408,train
Asia-8611,train
Asia-9153,train
Asia-8903,train
Asia-4166,train
Asia-2824,train
Asia-505,train
Asia-4223,train
Asia-2695,train
Asia-9253,train
Asia-2978,train
Europe-432,train
Asia-5531,train
Asia-5872,train
Asia-6172,train
Asia-5242,train
Asia-5578,train
Africa-131,train
Asia-5720,train
Asia-852,train
Asia-10200,train
Asia-6897,train
Asia-10678,train
Asia-476,train
Asia-2751,train
Asia-8202,train
Asia-659,train
Asia-9323,train
Asia-3578,train
Asia-3597,train
Asia-9674,train
Asia-9676,train
Asia-8686,train
Africa-531,train
Asia-1128,train
Asia-3442,train
Asia-8967,train
Asia-9801,train
Asia-4296,train
Asia-2334,train
Asia-242,train
Asia-1359,train
Asia-2963,train
Asia-324,train
Asia-3895,train
Asia-4312,train
Asia-1429,train
Asia-3941,train
Asia-392,train
Asia-830,train
Asia-4572,train
Asia-8771,train
Africa-391,train
Asia-3751,train
Asia-378,train
Asia-4235,train
Asia-1904,train
Asia-7317,train
Asia-3904,train
Europe-359,train
Asia-781,train
Asia-7695,train
Asia-9012,train
Asia-85,train
Asia-6553,train
Asia-8394,train
Asia-1540,train
Asia-3139,train
Asia-2539,train
Asia-7982,train
Asia-1444,train
Europe-547,train
Asia-4403,train
Asia-5798,train
Asia-2135,train
Asia-2221,train
Asia-9015,train
Asia-5414,train
Asia-6904,train
Oceania-89,train
Asia-1608,train
Asia-4971,train
Asia-7769,train
Africa-412,train
Asia-2637,train
Asia-2711,train
Asia-10062,train
Asia-9532,train
Europe-546,train
Asia-7887,train
Asia-1461,train
Asia-2836,train
Asia-5857,train
Asia-71,train
Asia-5212,train
Americas-591,train
Africa-95,train
Asia-393,train
Asia-2867,train
Asia-8941,train
Asia-3714,train
Asia-5569,train
Asia-3675,train
Asia-5582,train
Asia-2166,train
Europe-114,train
Asia-9697,train
Americas-163,train
Americas-1145,train
Asia-3227,train
Americas-876,train
Americas-512,train
Asia-2697,train
Asia-7181,train
Asia-8518,train
Asia-4523,train
Asia-5631,train
Americas-545,train
Asia-5812,train
Asia-2259,train
Europe-286,train
Asia-148,train
Asia-4568,train
Africa-106,train
Americas-1089,train
Asia-3677,train
Asia-2068,train
Asia-3113,train
Americas-503,train
Asia-8483,train
Americas-225,train
Asia-6415,train
Africa-116,train
Asia-5334,train
Asia-7070,train
Asia-6372,train
Asia-7676,train
Africa-484,train
Americas-979,train
Asia-562,train
Asia-893,train
Asia-6284,train
Asia-575,train
Asia-5508,train
Asia-7551,train
Asia-6669,train
Americas-885,train
Asia-1797,train
Asia-6125,train
Asia-7580,train
Asia-9368,train
Americas-1064,train
Asia-4071,train
Asia-1171,train
Asia-5482,train
Asia-9946,train
Asia-584,train
Asia-3396,train
Asia-5661,train
Oceania-251,train
Asia-9062,train
Asia-3348,train
Asia-10068,train
Asia-5527,train
Americas-492,train
Asia-7182,train
Asia-2675,train
Asia-3136,train
Asia-1900,train
Asia-6499,train
Africa-20,train
Asia-7359,train
Americas-546,train
Americas-20,train
Asia-9599,train
Oceania-105,train
Asia-7780,train
Asia-9659,train
Asia-5062,train
Americas-54,train
Asia-5308,train
Asia-6121,train
Africa-212,train
Americas-69,train
Asia-9237,train
Asia-2003,train
Asia-1383,train
Asia-10728,train
Asia-10376,train
Asia-7996,train
Asia-6317,train
Asia-3133,train
Asia-9871,train
Asia-3877,train
Asia-512,train
Asia-3214,train
Asia-10146,train
Asia-3383,train
Asia-65,train
Asia-6382,train
Asia-1991,train
Asia-5417,train
Asia-2576,train
Asia-3864,train
Asia-8312,train
Americas-260,train
Asia-8097,train
Asia-6545,train
Asia-3008,train
Asia-4332,train
Asia-5393,train
Asia-5388,train
Asia-7748,train
Asia-128,train
Asia-10485,train
Asia-9095,train
Asia-1317,train
Asia-10022,train
Asia-906,train
Americas-289,train
Asia-3785,train
Asia-2687,train
Asia-457,train
Asia-9268,train
Asia-8562,train
Asia-438,train
Asia-7660,train
Asia-4515,train
Asia-4017,train
Asia-10496,train
Asia-6157,train
Asia-4714,train
Asia-3643,train
Asia-7428,train
Asia-1280,train
Asia-10321,train
Asia-3691,train
Asia-3649,train
Asia-958,train
Oceania-213,train
Europe-541,train
Asia-5487,train
Americas-2,train
Asia-4505,train
Asia-3025,train
Asia-4578,train
Asia-4090,train
Asia-6255,train
Asia-9568,train
Asia-538,train
Asia-8220,train
Asia-8111,train
Americas-369,train
Asia-4347,train
Europe-59,train
Africa-195,train
Asia-6574,train
Africa-607,train
Asia-9867,train
Asia-8683,train
Asia-2694,train
Asia-8046,train
Asia-5784,train
Asia-2569,train
Americas-1174,train
Africa-234,train
Asia-6519,train
Asia-8424,train
Asia-5171,train
Asia-6213,train
Asia-1458,train
Asia-6193,train
Asia-200,train
Asia-7128,train
Asia-5673,train
Asia-4507,train
Asia-4266,train
Asia-7516,train
Asia-9197,train
Asia-4736,train
Oceania-156,train
Asia-1843,train
Asia-388,train
Asia-6717,train
Asia-7145,train
Asia-2767,train
Asia-8131,train
Asia-3809,train
Africa-622,train
Asia-9039,train
Asia-1662,train
Asia-5122,train
Europe-310,train
Asia-702,train
Asia-8946,train
Asia-5644,train
Americas-604,train
Asia-1287,train
Asia-3178,train
Asia-8374,train
Asia-4171,train
Oceania-138,train
Asia-1520,train
Asia-3287,train
Asia-1636,train
Asia-7648,train
Asia-9633,train
Europe-235,train
Asia-8854,train
Asia-2079,train
Europe-561,train
Asia-1257,train
Asia-7230,train
Asia-6506,train
Asia-9341,train
Asia-7419,train
Asia-930,train
Asia-4493,train
Asia-4299,train
Asia-2035,train
Europe-353,train
Americas-840,train
Americas-342,train
Asia-7511,train
Europe-579,train
Asia-5542,train
Europe-113,train
Asia-67,train
Asia-2556,train
Asia-7411,train
Asia-3537,train
Asia-339,train
Americas-483,train
Americas-144,train
Americas-596,train
Asia-9234,train
Asia-937,train
Americas-90,train
Asia-8356,train
Africa-329,train
Asia-10561,train
Asia-2055,train
Asia-43,train
Asia-5232,train
Asia-900,train
Asia-4896,train
Asia-8907,train
Americas-247,train
Asia-7095,train
Asia-8476,train
Asia-31,train
Asia-7514,train
Asia-9544,train
Americas-1028,train
Europe-480,train
Asia-6759,train
Asia-530,train
Asia-5473,train
Asia-4910,train
Asia-727,train
Asia-850,train
Asia-9326,train
Asia-5490,train
Asia-1061,train
Asia-7092,train
Asia-10384,train
Asia-485,train
Asia-1682,train
Asia-3165,train
Africa-406,train
Asia-1228,train
Asia-10483,train
Europe-363,train
Asia-4110,train
Europe-368,train
Asia-1746,train
Asia-2806,train
Asia-8137,train
Asia-1800,train
Asia-4459,train
Asia-3894,train
Asia-3832,train
Americas-825,train
Asia-9592,train
Asia-9180,train
Asia-556,train
Asia-10553,train
Asia-6274,train
Asia-10724,train
Asia-4592,train
Asia-1017,train
Asia-4127,train
Europe-13,train
Asia-10776,train
Oceania-57,train
Asia-5680,train
Asia-9110,train
Asia-2340,train
Asia-395,train
Asia-6473,train
Asia-7636,train
Europe-138,train
Asia-3627,train
Asia-7199,train
Asia-1026,train
Asia-4804,train
Asia-3619,train
Asia-1115,train
Asia-5567,train
Asia-9903,train
Europe-557,train
Europe-103,train
Asia-10408,train
Asia-8458,train
Asia-7127,train
Asia-504,train
Asia-1601,train
Asia-6084,train
Asia-10375,train
Asia-8590,train
Asia-4374,train
Europe-233,train
Asia-6379,train
Americas-973,train
Asia-9658,train
Oceania-174,train
Asia-10801,train
Asia-934,train
Asia-4115,train
Asia-8832,train
Asia-3009,train
Africa-300,train
Asia-8906,train
Asia-2018,train
Asia-4713,train
Asia-2505,train
Asia-5922,train
Asia-6032,train
Asia-8127,train
Asia-6786,train
Oceania-18,train
Asia-926,train
Asia-179,train
Asia-792,train
Asia-8470,train
Asia-7366,train
Europe-402,train
Asia-4446,train
Asia-8396,train
Asia-6565,train
Oceania-108,train
Asia-7402,train
Asia-1893,train
Asia-2659,train
Asia-10391,train
Asia-5448,train
Asia-1538,train
Americas-897,train
Asia-3037,train
Asia-5810,train
Asia-6422,train
Americas-788,train
Africa-29,train
Asia-9131,train
Asia-10770,train
Asia-3341,train
Asia-2510,train
Europe-351,train
Americas-34,train
Asia-6764,train
Asia-5924,train
Asia-5401,train
Asia-8134,train
Africa-263,train
Asia-8073,train
Asia-3811,train
Oceania-62,train
Asia-5298,train
Asia-6594,train
Asia-2017,train
Asia-9678,train
Asia-4815,train
Asia-5164,train
Asia-6714,train
Africa-47,train
Asia-6623,train
Asia-9985,train
Asia-4331,train
Asia-5113,train
Americas-1140,train
Asia-7883,train
Americas-936,train
Asia-10231,train
Asia-7918,train
Asia-5948,train
Asia-2282,train
Asia-3917,train
Asia-1603,train
Asia-5530,train
Europe-554,train
Africa-109,train
Americas-958,train
Asia-8035,train
Asia-6881,train
Asia-10380,train
Asia-1763,train
Oceania-63,train
Asia-7228,train
Asia-8577,train
Americas-987,train
Asia-1051,train
Asia-8060,train
Asia-9916,train
Asia-10550,train
Asia-4720,train
Asia-3249,train
Asia-8174,train
Europe-135,train
Asia-5522,train
Asia-4744,train
Asia-7216,train
Asia-4012,train
Asia-7530,train
Americas-308,train
Asia-9045,train
Africa-608,train
Asia-7246,train
Asia-5960,train
Asia-8962,train
Asia-1240,train
Asia-9850,train
Asia-8803,train
Asia-4105,train
Americas-993,train
Asia-415,train
Asia-9210,train
Asia-728,train
Asia-5498,train
Asia-3322,train
Asia-2283,train
Americas-576,train
Americas-293,train
Asia-4887,train
Asia-1788,train
Asia-5198,train
Asia-6589,train
Asia-4618,train
Europe-130,train
Asia-5213,train
Asia-4782,train
Asia-6177,train
Asia-1948,train
Asia-10592,train
Asia-962,train
Asia-10258,train
Asia-2083,train
Asia-3332,train
Asia-3052,train
Asia-8320,train
Europe-29,train
Asia-5343,train
Americas-1054,train
Asia-4898,train
Asia-921,train
Europe-223,train
Asia-527,train
Asia-3353,train
Asia-6804,train
Asia-943,train
Asia-632,train
Asia-1508,train
Asia-8660,train
Asia-9098,train
Asia-4275,train
Africa-383,train
Asia-8132,train
Asia-6067,train
Asia-5134,train
Asia-5513,train
Americas-178,train
Asia-2818,train
Asia-805,train
Americas-1056,train
Asia-7930,train
Americas-411,train
Americas-892,train
Asia-4967,train
Africa-261,train
Africa-251,train
Asia-3175,train
Asia-8675,train
Asia-3582,train
Asia-9246,train
Asia-4850,train
Europe-226,train
Asia-4881,train
Americas-493,train
Asia-4984,train
Asia-5656,train
Asia-10519,train
Asia-9377,train
Asia-1178,train
Asia-229,train
Asia-3255,train
Europe-511,train
Asia-2804,train
Asia-8957,train
Asia-3572,train
Asia-2805,train
Europe-104,train
Asia-8170,train
Asia-5778,train
Asia-6159,train
Asia-2115,train
Asia-8392,train
Asia-2373,train
Asia-6746,train
Oceania-250,train
Asia-7661,train
Asia-6266,train
Asia-9361,train
Asia-3773,train
Asia-2225,train
Asia-5167,train
Asia-8883,train
Asia-5347,train
Asia-3869,train
Asia-10545,train
Asia-5117,train
Asia-418,train
Asia-9417,train
Asia-1094,train
Asia-10694,train
Asia-1785,train
Americas-699,train
Asia-8042,train
Asia-1914,train
Asia-3200,train
Asia-9018,train
Asia-2617,train
Asia-2127,train
Asia-607,train
Asia-7401,train
Europe-456,train
Asia-7321,train
Asia-8601,train
Asia-329,train
Asia-2314,train
Asia-8296,train
Africa-158,train
Americas-460,train
Asia-8725,train
Asia-8993,train
Asia-7880,train
Asia-4978,train
Asia-10355,train
Asia-1486,train
Africa-39,train
Asia-5233,train
Asia-2561,train
Asia-3916,train
Europe-283,train
Asia-1465,train
Americas-1059,train
Asia-2538,train
Asia-6980,train
Europe-517,train
Asia-9550,train
Asia-3065,train
Americas-274,train
Asia-8028,train
Asia-4125,train
Asia-3967,train
Asia-9067,train
Asia-3825,train
Asia-6766,train
Americas-1173,train
Asia-3536,train
Americas-447,train
Asia-1346,train
Asia-6015,train
Asia-9340,train
Asia-10028,train
Asia-2773,train
Africa-472,train
Asia-3639,train
Africa-230,train
Asia-9245,train
Asia-2840,train
Asia-1743,train
Asia-7741,train
Asia-8943,train
Asia-6113,train
Asia-8974,train
Asia-8171,train
Asia-7976,train
Asia-8095,train
Asia-5698,train
Asia-7762,train
Europe-420,train
Asia-5410,train
Oceania-36,train
Asia-4639,train
Asia-6420,train
Asia-6264,train
Asia-9335,train
Asia-2726,train
Asia-3069,train
Americas-1087,train
Asia-7963,train
Asia-2977,train
Asia-9171,train
Asia-3159,train
Asia-2048,train
Americas-419,train
Asia-10107,train
Americas-1017,train
Asia-3701,train
Oceania-29,train
Asia-4164,train
Asia-6065,train
Europe-62,train
Asia-9481,train
Europe-328,train
Asia-8108,train
Asia-3270,train
Asia-391,train
Asia-2440,train
Asia-2170,train
Asia-2777,train
Asia-7542,train
Asia-3150,train
Asia-8775,train
Asia-8118,train
Asia-782,train
Asia-4106,train
Asia-806,train
Asia-7581,train
Asia-8352,train
Asia-5790,train
Asia-5824,train
Asia-8051,train
Asia-2029,train
Americas-165,train
Asia-2409,train
Asia-2057,train
Americas-226,train
Asia-5103,train
Asia-2545,train
Asia-8268,train
Asia-2107,train
Asia-142,train
Asia-4972,train
Asia-9732,train
Americas-473,train
Asia-1819,train
Europe-244,train
Asia-6299,train
Europe-412,train
Asia-10,train
Asia-8702,train
Americas-922,train
Africa-556,train
Asia-4109,train
Americas-816,train
Asia-5244,train
Asia-3554,train
Asia-812,train
Asia-2415,train
Americas-83,train
Asia-8589,train
Asia-9333,train
Asia-536,train
Asia-2028,train
Asia-1536,train
Asia-3382,train
Africa-101,train
Asia-4684,train
Asia-10210,train
Asia-2299,train
Asia-4031,train
Europe-195,train
Asia-1212,train
Asia-2698,train
Asia-4579,train
Asia-4022,train
Africa-543,train
Asia-1867,train
Africa-423,train
Europe-27,train
Asia-5802,train
Asia-10757,train
Europe-477,train
Asia-904,train
Asia-2362,train
Asia-4444,train
Asia-10781,train
Asia-1104,train
Asia-8234,train
Asia-2717,train
Asia-9400,train
Asia-8067,train
Asia-8753,train
Asia-1188,train
Asia-5546,train
Asia-493,train
Africa-22,train
Asia-7915,train
Americas-593,train
Asia-5541,train
Africa-294,train
Europe-343,train
Asia-8633,train
Asia-3233,train
Asia-3519,train
Asia-1259,train
Asia-973,train
Africa-52,train
Americas-771,train
Asia-2045,train
Asia-9294,train
Asia-8283,train
Asia-2605,train
Africa-170,train
Europe-540,train
Asia-1749,train
Asia-6362,train
Asia-5827,train
Asia-3685,train
Asia-2982,train
Asia-7787,train
Asia-4546,train
Asia-4169,train
Asia-3277,train
Asia-2396,train
Asia-8415,train
Americas-1067,train
Asia-2205,train
Asia-8952,train
Oceania-249,train
Asia-8554,train
Asia-10251,train
Asia-1877,train
Asia-3909,train
Asia-8652,train
Asia-10233,train
Asia-7083,train
Asia-8084,train
Asia-4622,train
Asia-1562,train
Asia-7643,train
Asia-2371,train
Asia-5760,train
Asia-1230,train
Asia-10760,train
Asia-7961,train
Asia-4019,train
Asia-2765,train
Asia-1243,train
Asia-8258,train
Asia-3852,train
Asia-8551,train
Asia-8293,train
Asia-5161,train
Africa-457,train
Asia-601,train
Americas-711,train
Americas-620,train
Asia-5429,train
Asia-7719,train
Europe-370,train
Europe-260,train
Asia-8232,train
Asia-7515,train
Asia-4566,train
Asia-9720,train
Asia-1373,train
Asia-8506,train
Asia-5234,train
Asia-6343,train
Americas-963,train
Asia-1735,train
Asia-7173,train
Asia-471,train
Asia-3156,train
Europe-227,train
Asia-2456,train
Asia-8794,train
Africa-590,train
Asia-2810,train
Asia-7475,train
Asia-8673,train
Asia-6227,train
Asia-1529,train
Americas-249,train
Asia-1425,train
Americas-1161,train
Americas-185,train
Europe-285,train
Asia-9277,train
Asia-7903,train
Asia-2075,train
Asia-4678,train
Asia-5780,train
Asia-2988,train
Asia-1116,train
Asia-3035,train
Asia-8990,train
Asia-5775,train
Asia-10624,train
Asia-6419,train
Asia-3970,train
Asia-8124,train
Asia-2716,train
Asia-3694,train
Asia-5817,train
Asia-6253,train
Asia-9895,train
Asia-9663,train
Asia-9977,train
Africa-140,train
Asia-225,train
Asia-8878,train
Asia-1479,train
Asia-4052,train
Asia-9976,train
Asia-1197,train
Asia-10475,train
Asia-7208,train
Asia-1090,train
Asia-8407,train
Asia-9345,train
Asia-1330,train
Asia-3192,train
Asia-262,train
Asia-6052,train
Asia-2182,train
Americas-739,train
Asia-2567,train
Asia-2509,train
Asia-9525,train
Africa-623,train
Africa-108,train
Asia-10707,train
Asia-10363,train
Asia-6618,train
Asia-1484,train
Asia-9411,train
Asia-2483,train
Asia-3504,train
Africa-566,train
Africa-346,train
Asia-6651,train
Asia-5006,train
Asia-5892,train
Asia-9052,train
Asia-4620,train
Asia-8256,train
Asia-5384,train
Americas-1166,train
Asia-5407,train
Asia-1681,train
Asia-4001,train
Asia-10370,train
Europe-88,train
Oceania-82,train
Asia-8971,train
Americas-933,train
Asia-4291,train
Asia-1505,train
Asia-10585,train
Asia-8463,train
Asia-9500,train
Asia-7252,train
Asia-6885,train
Asia-9644,train
Asia-1323,train
Asia-7721,train
Asia-6607,train
Asia-9621,train
Americas-70,train
Asia-489,train
Asia-914,train
Asia-8224,train
Asia-4156,train
Asia-5538,train
Asia-3098,train
Asia-9485,train
Americas-601,train
Americas-131,train
Asia-8113,train
Asia-8453,train
Asia-363,train
Europe-240,train
Asia-8120,train
Asia-9535,train
Asia-2598,train
Asia-7196,train
Americas-218,train
Asia-6719,train
Asia-6645,train
Asia-8553,train
Asia-5998,train
Asia-7522,train
Americas-1125,train
Asia-1450,train
Asia-9332,train
Asia-9617,train
Asia-5444,train
Asia-8565,train
Asia-856,train
Asia-1774,train
Asia-6583,train
Americas-1085,train
Europe-441,train
Asia-3532,train
Africa-199,train
Asia-1504,train
Americas-826,train
Asia-3302,train
Americas-796,train
Americas-121,train
Asia-6205,train
Asia-1574,train
Europe-342,train
Asia-4934,train
Asia-3269,train
Asia-9699,train
Americas-48,train
Africa-224,train
Asia-7257,train
Asia-8892,train
Americas-376,train
Asia-3211,train
Asia-754,train
Europe-4,train
Asia-10135,train
Asia-9815,train
Asia-6962,train
Asia-8242,train
Asia-4021,train
Asia-4436,train
Asia-2438,train
Asia-1288,train
Americas-956,train
Asia-8437,train
Asia-478,train
Asia-8378,train
Asia-5050,train
Asia-83,train
Americas-1010,train
Americas-661,train
Africa-451,train
Asia-10798,train
Americas-170,train
Asia-10054,train
Asia-2739,train
Asia-10134,train
Asia-8717,train
Asia-6261,train
Asia-5809,train
Asia-10583,train
Asia-4501,train
Asia-4433,train
Asia-3417,train
Europe-577,train
Europe-254,train
Asia-2732,train
Asia-9021,train
Asia-2195,train
Asia-8836,train
Asia-8284,train
Asia-9495,train
Asia-3806,train
Asia-10614,train
Asia-5596,train
Asia-1937,train
Asia-6141,train
Asia-2611,train
Asia-10608,train
Asia-3011,train
Africa-387,train
Africa-595,train
Asia-1101,train
Asia-241,train
Asia-4891,train
Africa-353,train
Asia-5214,train
Asia-6047,train
Asia-9458,train
Americas-767,train
Asia-10269,train
Americas-255,train
Asia-890,train
Asia-2683,train
Asia-10696,train
Asia-8581,train
Americas-757,train
Asia-8004,train
Asia-9944,train
Asia-6033,train
Americas-1183,train
Europe-357,train
Asia-429,train
Asia-2504,train
Asia-90,train
Africa-354,train
Asia-7938,train
Asia-3162,train
Asia-8107,train
Asia-7203,train
Asia-2388,train
Americas-678,train
Asia-8730,train
Asia-6254,train
Americas-198,train
Asia-3256,train
Asia-6497,train
Asia-1691,train
Asia-181,train
Europe-548,train
Asia-2688,train
Africa-498,train
Asia-8526,train
Asia-5265,train
Asia-3094,train
Asia-1081,train
Europe-243,train
Asia-7575,train
Asia-3599,train
Asia-3893,train
Asia-9351,train
Europe-401,train
Asia-10063,train
Asia-6359,train
Asia-7069,train
Asia-6958,train
Asia-1422,train
Asia-2609,train
Asia-10445,train
Asia-6535,train
Asia-6541,train
Asia-3676,train
Asia-10634,train
Asia-1363,train
Asia-5048,train
Asia-2924,train
Europe-288,train
Asia-5768,train
Africa-63,train
Asia-3514,train
Asia-10303,train
Asia-3107,train
Asia-3416,train
Asia-8571,train
Africa-344,train
Asia-231,train
Americas-183,train
Asia-4234,train
Americas-400,train
Americas-675,train
Asia-6276,train
Americas-1034,train
Asia-3239,train
Americas-188,train
Asia-10007,train
Asia-5315,train
Asia-3652,train
Asia-7791,train
Asia-6944,train
Asia-9723,train
Asia-9951,train
Asia-3298,train
Asia-5028,train
Asia-6950,train
Asia-7754,train
Asia-8157,train
Asia-4824,train
Asia-7448,train
Asia-1715,train
Asia-6222,train
Americas-513,train
Americas-321,train
Asia-3593,train
Africa-62,train
Asia-3493,train
Asia-1100,train
Asia-1103,train
Asia-359,train
Asia-1971,train
Asia-7518,train
Asia-5001,train
Asia-7656,train
Europe-28,train
Asia-10657,train
Asia-6388,train
Asia-5009,train
Asia-2750,train
Asia-1213,train
Americas-136,train
Africa-422,train
Asia-8209,train
Asia-167,train
Asia-121,train
Asia-9274,train
Asia-1853,train
Europe-552,train
Americas-384,train
Asia-8842,train
Asia-8676,train
Asia-7015,train
Asia-9569,train
Asia-6292,train
Asia-1962,train
Asia-1281,train
Americas-42,train
Americas-451,train
Asia-2497,train
Asia-8317,train
Asia-9901,train
Asia-7159,train
Asia-10715,train
Africa-81,train
Asia-5261,train
Asia-3224,train
Asia-8264,train
Oceania-127,train
Asia-3059,train
Americas-488,train
Asia-9919,train
Asia-3231,train
Africa-8,train
Asia-6690,train
Asia-3552,train
Asia-171,train
Asia-2084,train
Asia-7312,train
Asia-10649,train
Asia-6289,train
Asia-5104,train
Asia-9394,train
Asia-2607,train
Asia-5597,train
Asia-7427,train
Asia-4629,train
Americas-1013,train
Asia-8648,train
Asia-4212,train
Asia-3885,train
Asia-10055,train
Asia-1068,train
Europe-112,train
Asia-4637,train
Oceania-192,train
Asia-8440,train
Asia-820,train
Asia-290,train
Asia-9263,train
Asia-8788,train
Americas-705,train
Asia-6709,train
Asia-10537,train
Asia-2944,train
Asia-2514,train
Asia-10708,train
Asia-1152,train
Asia-320,train
Asia-2201,train
Europe-449,train
Asia-1581,train
Asia-10009,train
Asia-6447,train
Europe-36,train
Asia-9769,train
Americas-991,train
Asia-8156,train
Asia-8980,train
Asia-1821,train
Asia-4053,train
Asia-7951,train
Asia-1423,train
Asia-5455,train
Asia-6398,train
Europe-267,train
Asia-8932,train
Asia-7081,train
Asia-6397,train
Asia-807,train
Asia-285,train
Asia-7172,train
Asia-5314,train
Asia-9628,train
Asia-10789,train
Americas-497,train
Asia-4750,train
Asia-2156,train
Oceania-252,train
Asia-7975,train
Americas-229,train
Europe-528,train
Asia-9959,train
Asia-7136,train
Asia-1874,train
Asia-547,train
Asia-5929,train
Asia-10039,train
Asia-5966,train
Asia-7027,train
Asia-8327,train
Asia-1055,train
Europe-304,train
Asia-9939,train
Asia-7596,train
Asia-5599,train
Europe-447,train
Asia-2557,train
Asia-299,train
Asia-7777,train
Asia-1557,train
Americas-577,train
Americas-945,train
Americas-968,train
Americas-374,train
Africa-154,train
Asia-3340,train
Asia-10848,train
Asia-7115,train
Asia-3428,train
Oceania-113,train
Asia-8466,train
Americas-780,train
Asia-7759,train
Asia-5626,train
Asia-6059,train
Asia-3368,train
Asia-9515,train
Asia-10621,train
Asia-3303,train
Asia-2452,train
Americas-230,train
Asia-602,train
Africa-404,train
Asia-5151,train
Asia-7860,train
Asia-3625,train
Asia-3135,train
Asia-6934,train
Asia-3228,train
Asia-3750,train
Asia-8792,train
Asia-4187,train
Asia-5243,train
Asia-6349,train
Asia-4792,train
Oceania-15,train
Asia-6986,train
Asia-2842,train
Asia-7941,train
Asia-7433,train
Asia-6169,train
Asia-10839,train
Asia-1677,train
Asia-4133,train
Asia-9705,train
Americas-743,train
Asia-1305,train
Asia-6720,train
Americas-286,train
Americas-428,train
Americas-172,train
Asia-6587,train
Asia-4856,train
Asia-6041,train
Asia-1059,train
Asia-10430,train
Asia-3331,train
Europe-584,train
Asia-8063,train
Asia-106,train
Africa-483,train
Asia-499,train
Asia-7343,train
Asia-9170,train
Asia-4328,train
Americas-529,train
Africa-482,train
Asia-1186,train
Asia-4188,train
Asia-4698,train
Asia-9156,train
Asia-8548,train
Asia-9665,train
Asia-1477,train
Americas-951,train
Europe-171,train
Asia-2160,train
Asia-4693,train
Asia-10326,train
Asia-5987,train
Asia-3381,train
Asia-5731,train
Asia-10482,train
Asia-2918,train
Asia-5630,train
Americas-457,train
Asia-5844,train
Americas-166,train
Asia-6416,train
Asia-8210,train
Asia-4488,train
Asia-10779,train
Asia-4803,train
Asia-5137,train
Asia-2673,train
Asia-358,train
Asia-5281,train
Asia-2722,train
Asia-6864,train
Asia-6831,train
Asia-3003,train
Europe-318,train
Asia-4958,train
Africa-157,train
Asia-2103,train
Asia-987,train
Asia-3251,train
Asia-5204,train
Americas-872,train
Asia-2367,train
Asia-3854,train
Asia-9019,train
Asia-551,train
Africa-431,train
Asia-10286,train
Oceania-180,train
Asia-8691,train
Asia-3973,train
Africa-107,train
Asia-7126,train
Asia-2353,train
Asia-7265,train
Europe-425,train
Asia-3199,train
Asia-10257,train
Asia-4737,train
Asia-5123,train
Europe-464,train
Asia-7396,train
Asia-4540,train
Asia-4471,train
Africa-343,train
Asia-4494,train
Asia-9375,train
Asia-4508,train
Asia-8314,train
Asia-8291,train
Americas-1006,train
Europe-116,train
Europe-491,train
Africa-188,train
Asia-4038,train
Africa-181,train
Asia-1453,train
Asia-2608,train
Asia-9873,train
Asia-4456,train
Asia-9624,train
Asia-4491,train
Americas-1037,train
Asia-6666,train
Asia-7367,train
Asia-490,train
Asia-633,train
Americas-214,train
Asia-2293,train
Asia-5951,train
Asia-1385,train
Asia-9789,train
Asia-6860,train
Oceania-185,train
Asia-3166,train
Asia-4245,train
Europe-431,train
Asia-2005,train
Asia-9892,train
Asia-4652,train
Americas-1007,train
Asia-8452,train
Asia-1236,train
Americas-938,train
Asia-8783,train
Asia-3097,train
Asia-5701,train
Americas-910,train
Asia-10333,train
Asia-4240,train
Asia-880,train
Asia-5771,train
Asia-2231,train
Asia-1388,train
Asia-3560,train
Africa-55,train
Asia-5514,train
Asia-546,train
Asia-4370,train
Asia-308,train
Asia-10737,train
Asia-9768,train
Asia-6248,train
Europe-454,train
Asia-10263,train
Asia-3261,train
Oceania-148,train
Asia-7912,train
Asia-4059,train
Asia-2901,train
Europe-12,train
Asia-6211,train
Oceania-222,train
Asia-10012,train
Asia-7808,train
Europe-264,train
Asia-10021,train
Asia-1546,train
Americas-732,train
Asia-2325,train
Asia-1321,train
Oceania-4,train
Africa-411,train
Asia-7050,train
Asia-4362,train
Asia-8461,train
Asia-9596,train
Asia-6508,train
Americas-1172,train
Asia-4600,train
Asia-9115,train
Oceania-153,train
Asia-870,train
Europe-367,train
Asia-1164,train
Asia-4386,train
Asia-3444,train
Asia-9987,train
Asia-422,train
Asia-8021,train
Asia-4800,train
Asia-2492,train
Europe-539,train
Asia-3283,train
Asia-6298,train
Asia-10420,train
Asia-746,train
Asia-3031,train
Asia-204,train
Asia-10249,train
Africa-397,train
Asia-2067,train
Asia-10331,train
Europe-127,train
Asia-5079,train
Asia-5075,train
Asia-8697,train
Americas-750,train
Asia-4422,train
Asia-5750,train
Asia-10784,train
Asia-6787,train
Africa-517,train
Asia-2872,train
Asia-1349,train
Asia-8,train
Asia-8709,train
Africa-399,train
Europe-479,train
Asia-10109,train
Asia-10656,train
Asia-614,train
Asia-509,train
Asia-6277,train
Africa-127,train
Asia-3336,train
Asia-4094,train
Asia-9092,train
Asia-5064,train
Asia-10099,train
Asia-5932,train
Americas-207,train
Asia-8856,train
Africa-308,train
Asia-8795,train
Asia-7183,train
Asia-1185,train
Asia-5568,train
Europe-10,train
Americas-657,train
Europe-385,train
Asia-10280,train
Asia-8058,train
Europe-95,train
Asia-6899,train
Asia-4323,train
Asia-2116,train
Asia-7540,train
Asia-5900,train
Asia-8627,train
Asia-886,train
Asia-5984,train
Asia-10316,train
Americas-78,train
Asia-3758,train
Africa-265,train
Asia-2183,train
Americas-160,train
Asia-7219,train
Asia-6795,train
Asia-1516,train
Asia-1740,train
Asia-4534,train
Asia-8516,train
Americas-233,train
Asia-10819,train
Asia-2932,train
Asia-6564,train
Asia-7612,train
Asia-7153,train
Asia-8246,train
Americas-373,train
Asia-1322,train
Asia-2457,train
Americas-38,train
Americas-502,train
Asia-8449,train
Asia-9494,train
Asia-4616,train
Asia-745,train
Asia-10632,train
Asia-960,train
Asia-4064,train
Asia-2559,train
Americas-1042,train
Asia-7215,train
Asia-7148,train
Europe-478,train
Americas-358,train
Asia-7276,train
Asia-10813,train
Asia-3391,train
Asia-10008,train
Asia-7857,train
Asia-4121,train
Americas-990,train
Asia-2278,train
Asia-8816,train
Asia-6000,train
Asia-2385,train
Asia-3467,train
Africa-150,train
Asia-1765,train
Americas-340,train
Asia-6364,train
Asia-5990,train
Asia-9818,train
Asia-5794,train
Asia-10754,train
Europe-339,train
Americas-701,train
Asia-4516,train
Asia-9049,train
Americas-832,train
Asia-6027,train
Asia-5218,train
Asia-1075,train
Asia-9285,train
Asia-4301,train
Asia-2597,train
Asia-9392,train
Asia-1526,train
Americas-1062,train
Asia-3020,train
Asia-3319,train
Asia-2011,train
Asia-2782,train
Asia-7953,train
Asia-560,train
Asia-8002,train
Africa-168,train
Asia-9637,train
Asia-3263,train
Asia-2279,train
Asia-7974,train
Asia-750,train
Asia-5116,train
Asia-10096,train
Asia-7340,train
Asia-5329,train
Asia-1591,train
Asia-3196,train
Americas-404,train
Asia-8772,train
Asia-9284,train
Asia-10560,train
Oceania-172,train
Asia-1380,train
Asia-4818,train
Asia-3085,train
Asia-10604,train
Africa-209,train
Americas-1005,train
Asia-6370,train
Asia-1809,train
Asia-1859,train
Asia-9526,train
Americas-957,train
Americas-95,train
Asia-3681,train
Asia-9099,train
Asia-6990,train
Asia-2154,train
Asia-8801,train
Asia-4801,train
Asia-5301,train
Asia-4195,train
Asia-10731,train
Asia-7681,train
Asia-7174,train
Asia-5468,train
Asia-7881,train
Asia-6095,train
Asia-553,train
Asia-3545,train
Asia-9770,train
Asia-4348,train
Asia-6371,train
Oceania-117,train
Asia-6319,train
Asia-2619,train
Asia-4196,train
Asia-7733,train
Asia-3257,train
Asia-3660,train
Asia-4665,train
Asia-6004,train
Asia-9320,train
Americas-465,train
Africa-304,train
Asia-6906,train
Americas-146,train
Asia-3082,train
Asia-5443,train
Asia-717,train
Asia-6263,train
Americas-696,train
Asia-1761,train
Asia-6109,train
Americas-581,train
Asia-10612,train
Oceania-44,train
Asia-4037,train
Asia-6494,train
Americas-719,train
Asia-8742,train
Asia-10193,train
Asia-9686,train
Asia-7598,train
Asia-5889,train
Oceania-23,train
Asia-2449,train
Asia-7184,train
Asia-7519,train
Asia-5692,train
Asia-6994,train
Africa-421,train
Asia-1494,train
Asia-4219,train
Asia-2494,train
Asia-878,train
Africa-564,train
Asia-9722,train
Africa-348,train
Asia-3793,train
Asia-4645,train
Asia-2987,train
Asia-10365,train
Asia-8222,train
Asia-4789,train
Asia-9384,train
Asia-3421,train
Asia-2676,train
Asia-6784,train
Asia-9746,train
Asia-5058,train
Asia-7264,train
Africa-465,train
Asia-1987,train
Asia-9314,train
Asia-4550,train
Asia-8921,train
Asia-3324,train
Asia-7782,train
Asia-8272,train
Asia-9483,train
Americas-567,train
Europe-123,train
Oceania-106,train
Europe-530,train
Asia-2971,train
Americas-697,train
Asia-9788,train
Asia-8547,train
Asia-7089,train
Asia-5108,train
Asia-9642,train
Asia-236,train
Asia-3491,train
Asia-10653,train
Asia-8481,train
Americas-217,train
Asia-7850,train
Asia-10299,train
Asia-3622,train
Asia-4160,train
Asia-2480,train
Asia-5125,train
Europe-475,train
Oceania-158,train
Asia-2540,train
Americas-335,train
Asia-2297,train
Asia-8787,train
Oceania-55,train
Asia-5705,train
Americas-978,train
Asia-10464,train
Asia-7943,train
Asia-5284,train
Asia-637,train
Asia-4547,train
Asia-70,train
Asia-4914,train
Asia-4603,train
Asia-6596,train
Asia-7118,train
Asia-9696,train
Asia-10615,train
Asia-7005,train
Asia-5662,train
Asia-5974,train
Asia-1053,train
Europe-585,train
Europe-446,train
Asia-5744,train
Asia-1341,train
Asia-4816,train
Asia-5182,train
Africa-385,train
Asia-10792,train
Americas-1066,train
Asia-2167,train
Americas-275,train
Asia-5965,train
Asia-6239,train
Asia-3879,train
Asia-1410,train
Asia-7460,train
Asia-5014,train
Africa-113,train
Asia-3372,train
Asia-455,train
Asia-3517,train
Asia-9970,train
Asia-7956,train
Asia-1015,train
Asia-8964,train
Asia-8282,train
Asia-8105,train
Asia-10003,train
Asia-8570,train
Asia-5519,train
Oceania-237,train
Asia-7545,train
Asia-87,train
Asia-767,train
Asia-4979,train
Asia-2303,train
Europe-556,train
Asia-60,train
Asia-7732,train
Asia-4226,train
Asia-1449,train
Oceania-98,train
Asia-9150,train
Asia-3934,train
Asia-4943,train
Asia-1933,train
Europe-218,train
Asia-3735,train
Americas-174,train
Asia-4097,train
Asia-7468,train
Asia-1481,train
Asia-6026,train
Asia-4726,train
Asia-8991,train
Asia-1629,train
Asia-6573,train
Asia-8130,train
Asia-7194,train
Asia-6019,train
Asia-10060,train
Asia-2912,train
Americas-1096,train
Asia-10509,train
Asia-7332,train
Asia-3768,train
Asia-9146,train
Asia-6820,train
Asia-2106,train
Asia-6731,train
Asia-1694,train
Asia-9451,train
Asia-9606,train
Americas-1124,train
Asia-3787,train
Asia-8247,train
Asia-7283,train
Asia-9927,train
Americas-804,train
Asia-2445,train
Americas-903,train
Asia-2661,train
Asia-1165,train
Asia-3931,train
Americas-720,train
Asia-10141,train
Asia-4007,train
Asia-9427,train
Americas-354,train
Africa-237,train
Asia-7839,train
Asia-1825,train
Asia-7932,train
Asia-9388,train
Asia-5149,train
Americas-113,train
Asia-2300,train
Asia-5742,train
Europe-208,train
Asia-10763,train
Asia-9613,train
Asia-7374,train
Asia-4426,train
Asia-10001,train
Asia-7417,train
Asia-4544,train
Asia-10552,train
Americas-582,train
Asia-7120,train
Africa-258,train
Asia-7119,train
Asia-3849,train
Asia-4243,train
Asia-9023,train
Asia-9534,train
Asia-8851,train
Americas-992,train
Asia-9437,train
Asia-10158,train
Africa-582,train
Asia-4082,train
Europe-624,train
Asia-9583,train
Asia-9574,train
Asia-3363,train
Asia-7445,train
Asia-1729,train
Americas-138,train
Asia-1372,train
Asia-4237,train
Asia-5978,train
Europe-20,train
Asia-6361,train
Asia-6687,train
Asia-2934,train
Asia-6242,train
Asia-3266,train
Asia-1337,train
Asia-9338,train
Asia-9557,train
Asia-1718,train
Asia-7560,train
Asia-8297,train
Asia-2138,train
Asia-8824,train
Asia-3728,train
Africa-76,train
Asia-2668,train
Asia-4904,train
Asia-7894,train
Asia-6366,train
Africa-414,train
Asia-4682,train
Asia-9974,train
Asia-4924,train
Asia-5424,train
Asia-810,train
Asia-9311,train
Americas-846,train
Asia-885,train
Asia-9195,train
Asia-3979,train
Asia-1842,train
Asia-7378,train
Asia-2080,train
Asia-3789,train
Europe-327,train
Asia-8362,train
Asia-874,train
Africa-54,train
Asia-4435,train
Asia-8866,train
Americas-923,train
Asia-3611,train
Asia-3169,train
Asia-4905,train
Asia-9950,train
Asia-5464,train
Asia-9404,train
Asia-5394,train
Africa-147,train
Asia-10312,train
Asia-6657,train
Asia-10654,train
Asia-9372,train
Asia-61,train
Asia-3026,train
Asia-2769,train
Americas-322,train
Asia-4076,train
Asia-1208,train
Asia-9683,train
Asia-1087,train
Asia-9187,train
Asia-8192,train
Europe-190,train
Asia-3589,train
Asia-126,train
Asia-7697,train
Asia-6656,train
Asia-8180,train
Asia-4765,train
Asia-6875,train
Asia-3190,train
Asia-3040,train
Asia-9239,train
Asia-1858,train
Asia-3980,train
Asia-1920,train
Asia-5565,train
Asia-10755,train
Asia-9281,train
Oceania-211,train
Asia-8322,train
Asia-10691,train
Asia-4330,train
Europe-196,train
Asia-970,train
Asia-8540,train
Asia-2244,train
Asia-6989,train
Asia-4142,train
Asia-9992,train
Asia-5534,train
Asia-8534,train
Asia-9222,train
Asia-4086,train
Asia-9205,train
Asia-5805,train
Asia-373,train
Asia-4725,train
Asia-860,train
Europe-302,train
Asia-2602,train
Africa-315,train
Americas-8,train
Americas-394,train
Asia-6870,train
Americas-194,train
Asia-8336,train
Asia-6790,train
Asia-8324,train
Asia-6805,train
Asia-4287,train
Africa-568,train
Asia-1404,train
Asia-4054,train
Asia-4154,train
Asia-3484,train
Asia-9796,train
Asia-4375,train
Americas-366,train
Asia-5625,train
Asia-327,train
Asia-8263,train
Asia-10093,train
Asia-6947,train
Asia-3282,train
Americas-1188,train
Asia-6165,train
Asia-4757,train
Americas-827,train
Asia-8982,train
Asia-346,train
Asia-5159,train
Asia-10279,train
Asia-4899,train
Americas-124,train
Americas-201,train
Asia-2646,train
Asia-6629,train
Asia-7734,train
Americas-1187,train
Asia-3229,train
Africa-527,train
Asia-4087,train
Asia-2781,train
Europe-348,train
Europe-360,train
Americas-649,train
Asia-2337,train
Asia-7011,train
Africa-254,train
Asia-9782,train
Asia-5049,train
Americas-268,train
Asia-2894,train
Asia-3723,train
Europe-98,train
Asia-1338,train
Asia-7805,train
Asia-10106,train
Asia-1476,train
Asia-5262,train
Asia-4837,train
Americas-409,train
Asia-8185,train
Asia-6930,train
Asia-8839,train
Asia-7527,train
Asia-6729,train
Oceania-146,train
Asia-2989,train
Asia-10095,train
Asia-1551,train
Asia-5178,train
Americas-614,train
Asia-6660,train
Asia-9432,train
Asia-404,train
Asia-3342,train
Asia-1854,train
Asia-9811,train
Americas-950,train
Asia-4974,train
Asia-2292,train
Asia-1204,train
Asia-8428,train
Asia-6158,train
Asia-6648,train
Asia-8173,train
Asia-4679,train
Americas-900,train
Asia-1974,train
Asia-5385,train
Asia-5635,train
Asia-174,train
Asia-6130,train
Oceania-5,train
Africa-538,train
Asia-8696,train
Americas-92,train
Asia-1556,train
Asia-10015,train
Asia-1367,train
Asia-5371,train
Asia-4108,train
Asia-1402,train
Asia-6924,train
Asia-7684,train
Asia-9820,train
Asia-5643,train
Europe-439,train
Americas-926,train
Asia-1847,train
Asia-4706,train
Asia-405,train
Asia-6301,train
Asia-1775,train
Asia-3650,train
Americas-317,train
Asia-5038,train
Asia-9693,train
Asia-9728,train
Americas-1097,train
Africa-448,train
Asia-6306,train
Asia-10332,train
Africa-508,train
Asia-3409,train
Asia-10780,train
Europe-149,train
Asia-6640,train
Asia-6991,train
Asia-91,train
Asia-8096,train
Asia-3522,train
Asia-8155,train
Asia-895,train
Asia-5331,train
Europe-19,train
Asia-8802,train
Asia-3373,train
Asia-7520,train
Asia-8724,train
Asia-7615,train
Asia-3550,train
Asia-6900,train
Asia-3295,train
Asia-969,train
Asia-10399,train
Asia-8773,train
Americas-392,train
Asia-7568,train
Americas-1025,train
Asia-1145,train
Asia-1327,train
Oceania-21,train
Americas-471,train
Asia-6997,train
Oceania-137,train
Asia-7907,train
Asia-3411,train
Asia-5383,train
Americas-1024,train
Asia-1048,train
Asia-3698,train
Asia-2113,train
Asia-6515,train
Asia-309,train
Asia-22,train
Asia-1773,train
Europe-181,train
Asia-3573,train
Asia-9409,train
Asia-8569,train
Asia-8020,train
Asia-9585,train
Africa-32,train
Asia-172,train
Oceania-101,train
Asia-2232,train
Americas-125,train
Americas-883,train
Asia-2871,train
Asia-9298,train
Asia-10024,train
Oceania-27,train
Asia-8047,train
Africa-612,train
Asia-3579,train
Americas-954,train
Asia-3655,train
Asia-6181,train
Asia-5611,train
Asia-1810,train
Asia-9685,train
Asia-1674,train
Africa-589,train
Asia-191,train
Africa-479,train
Asia-8756,train
Asia-7779,train
Asia-9206,train
Asia-1345,train
Asia-9007,train
Africa-85,train
Asia-10377,train
Asia-114,train
Asia-611,train
Asia-1909,train
Asia-7718,train
Asia-6136,train
Africa-221,train
Asia-1039,train
Asia-10119,train
Americas-573,train
Americas-305,train
Asia-10207,train
Asia-1600,train
Europe-253,train
Asia-1147,train
Africa-202,train
Asia-3692,train
Asia-5985,train
Americas-231,train
Asia-7740,train
Asia-2525,train
Asia-5003,train
Asia-2342,train
Americas-506,train
Asia-5566,train
Africa-255,train
Asia-2526,train
Asia-4937,train
Americas-301,train
Asia-10677,train
Asia-4575,train
Americas-462,train
Asia-10511,train
Asia-10390,train
Asia-3293,train
Asia-4288,train
Asia-6466,train
Asia-6151,train
Europe-34,train
Asia-7041,train
Asia-3364,train
Asia-9410,train
Asia-7955,train
Asia-9915,train
Asia-10307,train
Asia-5247,train
Asia-6341,train
Oceania-90,train
Asia-4458,train
Asia-7625,train
Asia-10616,train
Asia-1752,train
Asia-3193,train
Asia-134,train
Asia-2947,train
Europe-428,train
Asia-8419,train
Europe-580,train
Africa-439,train
Asia-3887,train
Africa-533,train
Asia-9419,train
Asia-6345,train
Asia-280,train
Europe-522,train
Asia-3290,train
Asia-4178,train
Asia-133,train
Asia-5917,train
Asia-1901,train
Asia-9334,train
Asia-2998,train
Asia-5803,train
Asia-4091,train
Oceania-85,train
Asia-5856,train
Americas-28,train
Asia-371,train
Asia-6091,train
Asia-8259,train
Asia-3855,train
Asia-7322,train
Asia-4489,train
Asia-3157,train
Asia-4668,train
Asia-2889,train
Asia-9641,train
Asia-3780,train
Asia-4146,train
Asia-9037,train
Asia-278,train
Europe-602,train
Africa-334,train
Asia-375,train
Europe-378,train
Asia-5253,train
Asia-9969,train
Asia-9807,train
Americas-1167,train
Asia-9859,train
Asia-8225,train
Asia-9054,train
Asia-913,train
Asia-9487,train
Asia-3826,train
Asia-414,train
Asia-3761,train
Asia-3105,train
Americas-586,train
Asia-920,train
Europe-565,train
Asia-35,train
Asia-9724,train
Asia-2194,train
Africa-125,train
Asia-6591,train
Asia-6770,train
Asia-3907,train
Asia-6597,train
Asia-5106,train
Asia-1284,train
Asia-6079,train
Asia-978,train
Americas-153,train
Asia-5869,train
Asia-3415,train
Asia-582,train
Asia-8271,train
Asia-10199,train
Americas-385,train
Europe-298,train
Asia-2898,train
Asia-2322,train
Asia-3953,train
Europe-576,train
Asia-3358,train
Asia-9190,train
Asia-2674,train
Asia-10783,train
Asia-2270,train
Asia-7980,train
Africa-584,train
Asia-8766,train
Asia-5483,train
Asia-3495,train
Asia-9877,train
Asia-10422,train
Asia-10805,train
Asia-3862,train
Asia-1832,train
Asia-7832,train
Africa-416,train
Asia-4261,train
Asia-3646,train
Asia-1134,train
Asia-4913,train
Asia-8847,train
Asia-8729,train
Asia-6308,train
Asia-1549,train
Asia-10646,train
Africa-135,train
Asia-7017,train
Asia-8735,train
Asia-4930,train
Africa-46,train
Asia-4993,train
Asia-5101,train
Asia-3638,train
Asia-5140,train
Europe-205,train
Americas-350,train
Asia-1889,train
Americas-446,train
Asia-3253,train
Asia-1475,train
Asia-5986,train
Asia-1917,train
Asia-5629,train
Asia-5753,train
Asia-2745,train
Asia-357,train
Asia-7668,train
Americas-1133,train
Asia-7254,train
Asia-8496,train
Asia-8045,train
Americas-407,train
Americas-1115,train
Asia-5791,train
Americas-789,train
Asia-8757,train
Asia-9833,train
Asia-7116,train
Asia-282,train
Asia-4230,train
Asia-3928,train
Oceania-232,train
Asia-4088,train
Europe-355,train
Asia-5553,train
Asia-7739,train
Asia-6979,train
Asia-2762,train
Americas-111,train
Asia-6140,train
Asia-5657,train
Asia-5097,train
Asia-7004,train
Asia-5110,train
Asia-5445,train
Asia-1177,train
Oceania-150,train
Africa-246,train
Asia-7420,train
Asia-2312,train
Asia-4057,train
Asia-10693,train
Asia-4345,train
Asia-8664,train
Asia-10319,train
Asia-5700,train
Asia-940,train
Asia-5475,train
Asia-2980,train
Asia-2844,train
Asia-630,train
Asia-3547,train
Asia-2142,train
Asia-10713,train
Oceania-114,train
Asia-423,train
Asia-5570,train
Asia-10006,train
Asia-4825,train
Asia-788,train
Asia-7467,train
Asia-3592,train
Asia-2778,train
Asia-10318,train
Asia-7790,train
Asia-10382,train
Asia-2176,train
Americas-681,train
Asia-3915,train
Asia-188,train
Americas-1004,train
Asia-3565,train
Asia-1291,train
Asia-8707,train
Asia-2618,train
Asia-10672,train
Asia-6794,train
Asia-10234,train
Asia-137,train
Asia-6523,train
Oceania-205,train
Asia-10224,train
Asia-6532,train
Asia-9925,train
Asia-7827,train
Asia-2422,train
Asia-5231,train
Asia-3814,train
Asia-4660,train
Asia-4315,train
Asia-4797,train
Asia-9890,train
Asia-2831,train
Asia-9218,train
Africa-487,train
Asia-5860,train
Asia-6718,train
Americas-177,train
Asia-10415,train
Asia-5973,train
Asia-10480,train
Asia-10733,train
Asia-10183,train
Asia-5294,train
Asia-9920,train
Asia-7535,train
Asia-4691,train
Asia-5811,train
Americas-62,train
Asia-10140,train
Asia-990,train
Asia-5603,train
Asia-1269,train
Asia-8684,train
Asia-6816,train
Asia-3978,train
Asia-1125,train
Asia-8681,train
Asia-5143,train
Asia-9046,train
Asia-2451,train
Asia-7346,train
Asia-1630,train
Europe-246,train
Asia-7908,train
Asia-10088,train
Africa-117,train
Asia-4469,train
Europe-152,train
Asia-7124,train
Asia-4225,train
Asia-8091,train
Asia-9817,train
Asia-5332,train
Europe-137,train
Asia-10343,train
Asia-4272,train
Asia-8617,train
Asia-1802,train
Asia-8249,train
Asia-1918,train
Asia-7280,train
Asia-9022,train
Asia-3485,train
Asia-8983,train
Asia-8527,train
Africa-26,train
Asia-7698,train
Asia-5380,train
Asia-8635,train
Asia-9266,train
Asia-8121,train
Asia-2954,train
Asia-4189,train
Asia-7387,train
Africa-327,train
Americas-824,train
Asia-7893,train
Europe-165,train
Asia-9660,train
Asia-2082,train
Asia-5070,train
Asia-8305,train
Oceania-215,train
Asia-3794,train
Asia-2323,train
Asia-7727,train
Americas-713,train
Asia-1309,train
Asia-7723,train
Asia-5450,train
Asia-3028,train
Asia-8813,train
Asia-4766,train
Asia-1553,train
Asia-9627,train
Asia-976,train
Asia-2114,train
Asia-443,train
Asia-855,train
Asia-620,train
Africa-162,train
Asia-2161,train
Americas-490,train
Asia-3148,train
Asia-3374,train
Asia-7646,train
Asia-1940,train
Americas-858,train
Asia-8529,train
Americas-570,train
Asia-5166,train
Asia-7002,train
Asia-8318,train
Asia-4564,train
Americas-981,train
Asia-453,train
Asia-1221,train
Asia-3492,train
Americas-916,train
Asia-6925,train
Asia-9849,train
Asia-8090,train
Asia-6238,train
Asia-2787,train
Asia-7167,train
Europe-108,train
Africa-349,train
Asia-1866,train
Asia-39,train
Asia-2101,train
Asia-8479,train
Americas-251,train
Oceania-53,train
Asia-5822,train
Asia-9330,train
Asia-9179,train
Oceania-122,train
Asia-1357,train
Asia-9397,train
Asia-10575,train
Asia-10049,train
Asia-403,train
Asia-2268,train
Asia-6692,train
Asia-1334,train
Asia-692,train
Americas-888,train
Asia-9484,train
Europe-150,train
Asia-5526,train
Asia-506,train
Asia-6460,train
Asia-86,train
Asia-3179,train
Asia-1296,train
Europe-361,train
Asia-4632,train
Asia-8809,train
Americas-1016,train
Asia-8568,train
Asia-3460,train
Asia-8667,train
Asia-3487,train
Asia-297,train
Asia-6827,train
Europe-521,train
Asia-8821,train
Asia-5649,train
Europe-349,train
Asia-9317,train
Asia-10027,train
Asia-8871,train
Asia-3577,train
Europe-275,train
Asia-353,train
Asia-1625,train
Asia-9868,train
Asia-9802,train
Asia-3948,train
Asia-744,train
Asia-5636,train
Asia-6928,train
Europe-52,train
Asia-5165,train
Asia-4889,train
Asia-9622,train
Americas-424,train
Asia-1839,train
Asia-5840,train
Asia-7308,train
Asia-3784,train
Asia-3551,train
Africa-503,train
Asia-10277,train
Asia-6347,train
Asia-1621,train
Asia-9056,train
Africa-379,train
Asia-5926,train
Asia-6901,train
Asia-8670,train
Americas-1020,train
Asia-6812,train
Asia-6457,train
Asia-110,train
Asia-1550,train
Asia-6708,train
Asia-1818,train
Asia-6297,train
Asia-8909,train
Europe-68,train
Asia-3666,train
Asia-700,train
Americas-613,train
Asia-610,train
Asia-3216,train
Asia-9304,train
Asia-4995,train
Americas-630,train
Asia-9139,train
Asia-9455,train
Asia-4778,train
Asia-8830,train
Asia-9997,train
Americas-336,train
Asia-7452,train
Africa-323,train
Asia-3830,train
Americas-380,train
Asia-3709,train
Asia-9881,train
Asia-6484,train
Asia-9883,train
Asia-3241,train
Africa-303,train
Asia-2105,train
Europe-9,train
Asia-10061,train
Americas-688,train
Americas-1177,train
Americas-195,train
Asia-8181,train
Asia-3307,train
Asia-7392,train
Asia-5426,train
Asia-6154,train
Europe-466,train
Asia-8062,train
Asia-8979,train
Asia-6646,train
Asia-3370,train
Americas-417,train
Asia-8013,train
Asia-4969,train
Asia-1172,train
Asia-9775,train
Asia-9121,train
Asia-3365,train
Americas-375,train
Asia-5896,train
Asia-4604,train
Asia-7371,train
Asia-447,train
Asia-1263,train
Asia-1456,train
Asia-10473,train
Asia-3628,train
Europe-325,train
Americas-1008,train
Asia-212,train
Europe-48,train
Asia-4069,train
Africa-182,train
Asia-9083,train
Asia-7916,train
Africa-446,train
Asia-1086,train
Asia-1439,train
Asia-932,train
Asia-2946,train
Africa-494,train
Asia-4410,train
Asia-9057,train
Africa-75,train
Europe-93,train
Asia-5366,train
Asia-1812,train
Americas-259,train
Asia-5376,train
Asia-10082,train
Asia-10584,train
Americas-181,train
Asia-572,train
Asia-5671,train
Asia-202,train
Africa-469,train
Asia-3114,train
Asia-8079,train
Asia-6612,train
Asia-2758,train
Asia-1366,train
Asia-10314,train
Asia-1107,train
Oceania-13,train
Asia-6964,train
Asia-894,train
Asia-9093,train
Asia-4134,train
Asia-9626,train
Asia-486,train
Asia-1167,train
Asia-6482,train
Asia-1921,train
Africa-502,train
Asia-1136,train
Europe-66,train
Americas-1002,train
Asia-2370,train
Americas-118,train
Asia-7045,train
Asia-4308,train
Asia-4113,train
Asia-7652,train
Asia-6735,train
Asia-7899,train
Africa-364,train
Asia-975,train
Asia-6531,train
Europe-416,train
Asia-1393,train
Asia-5554,train
Asia-1202,train
Asia-1052,train
Asia-5956,train
Asia-7152,train
Asia-2437,train
Africa-394,train
Asia-7144,train
Asia-1817,train
Asia-3125,train
Asia-4033,train
Asia-5086,train
Asia-9689,train
Asia-7459,train
Europe-388,train
Asia-6399,train
Asia-6220,train
Asia-9905,train
Asia-10145,train
Asia-10227,train
Asia-6985,train
Africa-244,train
Asia-5046,train
Oceania-35,train
Asia-8373,train
Asia-541,train
Europe-308,train
Asia-364,train
Asia-9721,train
Asia-7477,train
Asia-7438,train
Asia-4281,train
Asia-4701,train
Asia-9202,train
Asia-10712,train
Africa-374,train
Americas-489,train
Asia-7814,train
Asia-4764,train
Asia-10510,train
Europe-629,train
Asia-4177,train
Asia-6144,train
Asia-8301,train
Oceania-246,train
Asia-6636,train
Africa-621,train
Oceania-60,train
Americas-578,train
Asia-235,train
Asia-1242,train
Asia-379,train
Asia-4434,train
Asia-10265,train
Asia-4182,train
Asia-10364,train
Asia-6993,train
Asia-9765,train
Asia-9136,train
Asia-3745,train
Asia-10605,train
Africa-420,train
Asia-6480,train
Asia-8001,train
Americas-801,train
Asia-7085,train
Asia-8240,train
Asia-1675,train
Asia-5361,train
Asia-10393,train
Asia-9984,train
Asia-865,train
Asia-3410,train
Asia-498,train
Asia-421,train
Asia-2134,train
Asia-6955,train
Americas-106,train
Americas-715,train
Asia-661,train
Americas-292,train
Asia-6475,train
Americas-1109,train
Asia-8164,train
Americas-1090,train
Africa-10,train
Asia-4928,train
Asia-5627,train
Asia-2196,train
Asia-4753,train
Asia-177,train
Asia-4269,train
Oceania-40,train
Asia-2356,train
Asia-295,train
Asia-10171,train
Asia-6018,train
Asia-9561,train
Asia-5781,train
Asia-4207,train
Africa-552,train
Asia-7270,train
Asia-697,train
Asia-2747,train
Asia-5025,train
Africa-407,train
Asia-7578,train
Oceania-65,train
Asia-3472,train
Europe-41,train
Asia-863,train
Asia-2568,train
Asia-8401,train
Africa-160,train
Asia-5096,train
Asia-369,train
Asia-8811,train
Asia-6861,train
Africa-123,train
Asia-891,train
Asia-9496,train
Asia-10681,train
Africa-530,train
Asia-742,train
Africa-233,train
Asia-419,train
Asia-7291,train
Asia-4421,train
Europe-469,train
Asia-3940,train
Asia-5221,train
Asia-5447,train
Asia-5297,train
Africa-35,train
Asia-1730,train
Asia-303,train
Oceania-47,train
Asia-5564,train
Asia-8332,train
Asia-6363,train
Asia-2387,train
Asia-8098,train
Asia-3310,train
Asia-7995,train
Americas-994,train
Asia-6732,train
Asia-6903,train
Asia-2376,train
Europe-85,train
Asia-7211,train
Asia-5521,train
Americas-9,train
Asia-640,train
Asia-6356,train
Asia-5302,train
Europe-496,train
Europe-515,train
Asia-10481,train
Asia-10824,train
Americas-86,train
Asia-2563,train
Europe-54,train
Asia-3819,train
Asia-8406,train
Asia-7006,train
Asia-7510,train
Asia-1046,train
Americas-304,train
Asia-2178,train
Asia-6592,train
Asia-4208,train
Asia-8019,train
Asia-10235,train
Asia-518,train
Asia-8582,train
Asia-8973,train
Asia-7263,train
Asia-3797,train
Asia-3989,train
Europe-512,train
Asia-5907,train
Asia-1106,train
Asia-4567,train
Asia-4715,train
Asia-5726,train
Asia-6001,train
Asia-3246,train
Asia-8430,train
Asia-8737,train
Asia-1267,train
Africa-283,train
Americas-1081,train
Asia-4538,train
Asia-2671,train
Asia-3671,train
Africa-443,train
Asia-5419,train
Asia-2291,train
Asia-4811,train
Americas-43,train
Asia-3598,train
Asia-7469,train
Asia-5023,train
Europe-493,train
Asia-5209,train
Europe-225,train
Asia-3576,train
Americas-779,train
Asia-3401,train
Asia-2838,train
Asia-5,train
Asia-3278,train
Asia-4506,train
Asia-8826,train
Asia-3186,train
Asia-1006,train
Asia-1392,train
Africa-179,train
Asia-1738,train
Asia-6167,train
Asia-4373,train
Asia-1381,train
Asia-5639,train
Asia-6966,train
Asia-5304,train
Asia-259,train
Asia-52,train
Asia-9235,train
Asia-6586,train
Asia-9757,train
Asia-4181,train
Asia-3630,train
Asia-143,train
Americas-252,train
Asia-4964,train
Asia-1751,train
Asia-5739,train
Asia-516,train
Asia-9125,train
Asia-6005,train
Asia-7863,train
Asia-8230,train
Americas-516,train
Asia-2245,train
Asia-4389,train
Africa-186,train
Asia-4129,train
Asia-3564,train
Americas-337,train
Asia-993,train
Americas-741,train
Asia-6186,train
Asia-3988,train
Asia-2374,train
Asia-3343,train
Americas-401,train
Asia-1777,train
Oceania-216,train
Asia-3790,train
Asia-9209,train
Asia-965,train
Asia-2321,train
Asia-6471,train
Asia-2463,train
Asia-6832,train
Asia-2905,train
Asia-3607,train
Americas-53,train
Asia-8370,train
Asia-6092,train
Asia-3238,train
Asia-10383,train
Asia-8835,train
Asia-6230,train
Asia-1564,train
Asia-10455,train
Asia-1025,train
Asia-5833,train
Asia-6859,train
Asia-1586,train
Asia-6977,train
Asia-1424,train
Asia-2868,train
Americas-1117,train
Asia-3837,train
Europe-60,train
Africa-74,train
Oceania-224,train
Asia-3104,train
Asia-1045,train
Americas-887,train
Asia-2624,train
Asia-6653,train
Africa-227,train
Asia-10762,train
Asia-8680,train
Asia-9123,train
Asia-7434,train
Asia-7817,train
Asia-344,train
Asia-4533,train
Asia-8838,train
Asia-4385,train
Asia-4647,train
Americas-192,train
Asia-1768,train
Americas-5,train
Asia-4922,train
Asia-8294,train
Asia-1451,train
Asia-7536,train
Americas-187,train
Asia-2807,train
Americas-250,train
Americas-643,train
Asia-3494,train
Asia-58,train
Asia-6974,train
Africa-505,train
Asia-3262,train
Asia-53,train
Americas-1018,train
Asia-2060,train
Asia-1411,train
Europe-341,train
Asia-9751,train
Asia-1584,train
Asia-995,train
Americas-554,train
Americas-81,train
Africa-42,train
Asia-8966,train
Americas-56,train
Asia-8306,train
Asia-7425,train
Asia-1474,train
Americas-748,train
Europe-609,train
Asia-4042,train
Asia-3865,train
Americas-520,train
Asia-2573,train
Asia-1696,train
Asia-8420,train
Africa-585,train
Americas-49,train
Asia-2234,train
Asia-5694,train
Americas-662,train
Asia-2401,train
Asia-7178,train
Asia-9556,train
Asia-7307,train
Asia-9252,train
Asia-567,train
Oceania-212,train
Asia-1815,train
Asia-3713,train
Africa-500,train
Asia-1038,train
Asia-2096,train
Asia-9911,train
Asia-8211,train
Asia-18,train
Asia-1590,train
Asia-9184,train
Asia-6522,train
Asia-5486,train
Asia-1129,train
Asia-4761,train
Asia-1690,train
Americas-101,train
Asia-8549,train
Asia-1923,train
Asia-6972,train
Americas-215,train
Asia-6216,train
Asia-8025,train
Asia-8981,train
Asia-6643,train
Asia-1766,train
Asia-330,train
Asia-9754,train
Asia-1065,train
Europe-482,train
Asia-5120,train
Asia-6704,train
Asia-9917,train
Asia-1378,train
Asia-5991,train
Asia-1645,train
Asia-9306,train
Asia-9127,train
Asia-7554,train
Asia-2945,train
Asia-9739,train
Asia-2052,train
Asia-7926,train
Americas-988,train
Asia-6050,train
Asia-13,train
Europe-472,train
Asia-9539,train
Asia-7844,train
Asia-1032,train
Europe-173,train
Asia-8798,train
Asia-5967,train
Asia-2332,train
Europe-410,train
Africa-426,train
Asia-3045,train
Asia-10472,train
Americas-607,train
Asia-6562,train
Asia-9786,train
Asia-10830,train
Asia-1649,train
Asia-6758,train
Asia-8172,train
Asia-8472,train
Asia-5282,train
Asia-9503,train
Asia-5660,train
Africa-459,train
Asia-7561,train
Asia-10559,train
Asia-10278,train
Africa-36,train
Americas-964,train
Asia-2281,train
Asia-23,train
Asia-5561,train
Asia-1750,train
Asia-7110,train
Asia-6325,train
Asia-5323,train
Africa-122,train
Asia-8523,train
Asia-7063,train
Americas-264,train
Europe-126,train
Asia-10745,train
Asia-9203,train
Asia-3796,train
Asia-1271,train
Americas-29,train
Asia-7869,train
Americas-257,train
Americas-1186,train
Asia-9886,train
Asia-8820,train
Asia-10765,train
Asia-1695,train
Americas-621,train
Asia-7768,train
Americas-1106,train
Asia-3222,train
Asia-5500,train
Asia-3055,train
Asia-6054,train
Asia-8800,train
Asia-6801,train
Asia-1421,train
Asia-10477,train
Asia-3620,train
Asia-3121,train
Asia-7607,train
Asia-9278,train
Asia-6031,train
Europe-582,train
Asia-797,train
Asia-8049,train
Asia-8412,train
Asia-10687,train
Asia-9493,train
Americas-855,train
Asia-8855,train
Asia-1850,train
Asia-9591,train
Asia-6938,train
Asia-3962,train
Asia-5087,train
Asia-4453,train
Asia-8141,train
Africa-252,train
Europe-400,train
Asia-2715,train
Asia-6707,train
Asia-1289,train
Asia-5245,train
Asia-3606,train
Asia-6295,train
Asia-3697,train
Asia-9635,train
Asia-7416,train
Americas-709,train
Asia-3942,train
Asia-5949,train
Asia-8573,train
Asia-103,train
Asia-5423,train
Asia-8679,train
Asia-8916,train
Asia-8915,train
Europe-596,train
Asia-6604,train
Asia-8074,train
Asia-7261,train
Asia-4006,train
Europe-90,train
Asia-2774,train
Asia-1142,train
Europe-67,train
Africa-515,train
Asia-8339,train
Oceania-111,train
Asia-7001,train
Asia-7099,train
Asia-9858,train
Asia-5052,train
Asia-881,train
Asia-5682,train
Asia-2657,train
Asia-8054,train
Asia-9529,train
Asia-10169,train
Asia-2718,train
Asia-9573,train
Asia-7746,train
Asia-9888,train
Africa-363,train
Asia-7133,train
Asia-3923,train
Asia-6135,train
Asia-3556,train
Asia-2761,train
Asia-888,train
Asia-4463,train
Asia-1082,train
Asia-10112,train
Asia-9785,train
Asia-3100,train
Asia-185,train
Asia-7547,train
Asia-2400,train
Oceania-188,train
Asia-6822,train
Africa-191,train
Asia-2467,train
Asia-8789,train
Asia-263,train
Asia-407,train
Asia-9055,train
Americas-769,train
Asia-6357,train
Asia-4857,train
Asia-4658,train
Asia-44,train
Asia-3586,train
Asia-7450,train
Asia-2009,train
Asia-4528,train
Asia-4175,train
Asia-4929,train
Asia-3612,train
Asia-8701,train
Asia-7556,train
Asia-1881,train
Asia-5089,train
Asia-226,train
Asia-3759,train
Asia-8625,train
Asia-8244,train
Asia-3328,train
Asia-1758,train
Asia-4702,train
Asia-3258,train
Asia-6203,train
Asia-10497,train
Asia-2916,train
Asia-2261,train
Asia-7588,train
Europe-492,train
Oceania-32,train
Asia-523,train
Asia-8346,train
Asia-313,train
Africa-277,train
Africa-269,train
Asia-7557,train
Asia-7680,train
Asia-9516,train
Asia-5550,train
Asia-7864,train
Asia-6699,train
Asia-7253,train
Asia-8603,train
Asia-7632,train
Asia-10462,train
Asia-8886,train
Asia-4907,train
Europe-49,train
Americas-548,train
Asia-2033,train
Asia-9733,train
Americas-430,train
Asia-1638,train
Asia-4025,train
Asia-5018,train
Asia-6097,train
Asia-8031,train
Asia-1170,train
Asia-269,train
Asia-446,train
Asia-6755,train
Asia-3964,train
Asia-9965,train
Americas-686,train
Africa-372,train
Asia-8375,train
Asia-1575,train
Asia-1814,train
Europe-518,train
Asia-4070,train
Asia-2529,train
Asia-2495,train
Asia-3387,train
Asia-2606,train
Asia-7725,train
Asia-698,train
Asia-1534,train
Americas-262,train
Africa-373,train
Asia-5263,train
Asia-1511,train
Asia-2330,train
Asia-2594,train
Europe-635,train
Americas-421,train
Asia-7213,train
Americas-1118,train
Europe-509,train
Europe-284,train
Asia-4391,train
Americas-85,train
Asia-7422,train
Asia-2260,train
Asia-5497,train
Asia-9347,train
Oceania-75,train
Asia-5905,train
Asia-9639,train
Asia-5668,train
Europe-296,train
Asia-6487,train
Americas-134,train
Asia-1939,train
Asia-7202,train
Asia-1639,train
Asia-10185,train
Asia-2,train
Americas-847,train
Asia-1611,train
Americas-907,train
Africa-86,train
Asia-3775,train
Asia-2429,train
Asia-2552,train
Asia-8685,train
Americas-785,train
Asia-8890,train
Americas-1061,train
Asia-8782,train
Asia-1182,train
Asia-1462,train
Americas-152,train
Asia-10690,train
Asia-3642,train
Asia-6602,train
Asia-6581,train
Asia-8387,train
Asia-2564,train
Asia-10793,train
Asia-210,train
Asia-10613,train
Asia-10339,train
Europe-364,train
Asia-6650,train
Asia-7277,train
Asia-6470,train
Europe-45,train
Asia-9853,train
Asia-1168,train
Americas-12,train
Asia-7914,train
Asia-6495,train
Asia-657,train
Asia-6842,train
Asia-6369,train
Africa-305,train
Asia-2734,train
Asia-7051,train
Asia-8144,train
Asia-977,train
Asia-4074,train
Asia-5499,train
Asia-7430,train
Europe-473,train
Asia-1249,train
Asia-10502,train
Asia-7383,train
Asia-4268,train
Asia-6381,train
Americas-155,train
Asia-2863,train
Asia-3461,train
Asia-1483,train
Asia-3274,train
Asia-8880,train
Asia-256,train
Asia-6011,train
Asia-9645,train
Asia-7179,train
Asia-10412,train
Asia-9840,train
Asia-1237,train
Asia-3891,train
Asia-3875,train
Americas-220,train
Asia-2858,train
Asia-3425,train
Asia-10630,train
Asia-4730,train
Asia-1912,train
Africa-173,train
Asia-10108,train
Asia-3115,train
Asia-5524,train
Asia-8299,train
Asia-3385,train
Asia-2024,train
Asia-8014,train
Africa-575,train
Europe-236,train
Asia-1004,train
Americas-30,train
Asia-729,train
Asia-2622,train
Asia-5678,train
Americas-805,train
Americas-547,train
Asia-3634,train
Asia-6756,train
Asia-1092,train
Asia-936,train
Asia-7964,train
Asia-3402,train
Asia-9162,train
Asia-10293,train
Americas-723,train
Asia-4674,train
Asia-1644,train
Asia-2797,train
Asia-5374,train
Asia-7872,train
Americas-879,train
Asia-9226,train
Asia-3359,train
Asia-2398,train
Asia-69,train
Asia-387,train
Asia-6689,train
Americas-611,train
Oceania-71,train
Americas-884,train
Asia-1297,train
Asia-2962,train
Asia-6418,train
Oceania-103,train
Asia-450,train
Asia-5355,train
Americas-559,train
Asia-8292,train
Asia-2770,train
Asia-8538,train
Asia-8604,train
Asia-2159,train
Asia-7637,train
Asia-1828,train
Asia-7137,train
Asia-2764,train
Americas-161,train
Asia-2756,train
Asia-10350,train
Asia-2218,train
Asia-9889,train
Asia-4151,train
Asia-3515,train
Asia-10324,train
Asia-598,train
Americas-1168,train
Asia-1478,train
Asia-8805,train
Asia-8936,train
Asia-5109,train
Asia-3205,train
Asia-9008,train
Asia-1216,train
Asia-7867,train
Asia-9130,train
Asia-1899,train
Asia-4449,train
Asia-4168,train
Asia-5431,train
Africa-310,train
Asia-7687,train
Asia-5721,train
Asia-7241,train
Asia-4659,train
Asia-3154,train
Americas-961,train
Asia-8162,train
Asia-7774,train
Asia-3591,train
Asia-839,train
Asia-9822,train
Europe-505,train
Asia-5335,train
Asia-8876,train
Asia-9842,train
Asia-6894,train
Asia-3715,train
Asia-8477,train
Asia-3633,train
Asia-3922,train
Africa-174,train
Asia-2809,train
Asia-859,train
Asia-826,train
Asia-8677,train
Asia-9630,train
Asia-8647,train
Americas-44,train
Europe-63,train
Asia-4497,train
Africa-320,train
Asia-1008,train
Asia-1697,train
Asia-119,train
Asia-4754,train
Asia-3699,train
Oceania-131,train
Asia-7836,train
Asia-1713,train
Asia-10786,train
Asia-6342,train
Americas-1043,train
Asia-439,train
Asia-4445,train
Asia-8114,train
Asia-10120,train
Asia-2132,train
Asia-5098,train
Asia-6251,train
Asia-827,train
Americas-158,train
Asia-4806,train
Asia-6346,train
Asia-10097,train
Asia-7584,train
Asia-2247,train
Asia-8017,train
Asia-1894,train
Africa-398,train
Africa-336,train
Asia-1582,train
Asia-2447,train
Asia-7456,train
Asia-7657,train
Asia-6528,train
Asia-619,train
Asia-4496,train
Asia-2354,train
Asia-7007,train
Asia-2197,train
Asia-7709,train
Asia-1880,train
Asia-10833,train
Asia-1457,train
Asia-3424,train
Europe-634,train
Asia-5338,train
Asia-7792,train
Asia-1446,train
Asia-163,train
Asia-1368,train
Americas-458,train
Africa-51,train
Asia-4378,train
Asia-4554,train
Asia-6567,train
Asia-822,train
Asia-4339,train
Asia-10147,train
Asia-5337,train
Asia-9753,train
Asia-6963,train
Asia-10045,train
Asia-6191,train
Asia-1215,train
Asia-5881,train
Asia-213,train
Asia-9199,train
Asia-1190,train
Asia-2118,train
Asia-2383,train
Africa-388,train
Asia-5714,train
Asia-5312,train
Asia-6843,train
Asia-10662,train
Asia-8896,train
Asia-321,train
Asia-5277,train
Asia-1970,train
Asia-7012,train
Asia-10386,train
Africa-43,train
Americas-389,train
Asia-3218,train
Asia-2875,train
Asia-10414,train
Asia-6857,train
Asia-4079,train
Africa-151,train
Asia-6090,train
Europe-371,train
Asia-3243,train
Americas-1091,train
Asia-6273,train
Asia-2433,train
Africa-382,train
Asia-5356,train
Asia-10766,train
Asia-2372,train
Asia-1179,train
Asia-9748,train
Asia-6600,train
Asia-4689,train
Americas-405,train
Asia-9812,train
Asia-8994,train
Asia-6967,train
Asia-2381,train
Asia-1328,train
Africa-512,train
Americas-1078,train
Asia-5290,train
Asia-8818,train
Asia-9086,train
Asia-8693,train
Asia-8960,train
Asia-3375,train
Asia-6057,train
Asia-1888,train
Asia-8381,train
Asia-9113,train
Americas-504,train
Africa-124,train
Asia-2319,train
Asia-4551,train
Asia-7399,train
Asia-7505,train
Asia-6981,train
Asia-6639,train
Asia-2521,train
Asia-5386,train
Asia-6131,train
Asia-4394,train
Asia-1408,train
Asia-10520,train
Asia-2548,train
Asia-6334,train
Asia-722,train
Asia-8491,train
Asia-688,train
Asia-3143,train
Asia-7948,train
Asia-520,train
Asia-8958,train
Asia-1525,train
Asia-3314,train
Americas-692,train
Asia-6040,train
Asia-7347,train
Asia-3194,train
Asia-8125,train
Asia-1224,train
Americas-1127,train
Asia-4903,train
Asia-5005,train
Asia-5391,train
Asia-3961,train
Asia-6946,train
Asia-4878,train
Asia-2111,train
Asia-7193,train
Asia-2416,train
Asia-5797,train
Oceania-155,train
Europe-293,train
Asia-10186,train
Europe-358,train
Asia-2162,train
Asia-6237,train
Asia-554,train
Asia-818,train
Asia-919,train
Europe-33,train
Africa-44,train
Africa-609,train
Asia-3902,train
Americas-844,train
Asia-7966,train
Asia-8416,train
Asia-2213,train
Asia-4401,train
Asia-6975,train
Asia-10635,train
Europe-578,train
Asia-4228,train
Asia-10771,train
Asia-7634,train
Asia-9414,train
Asia-9579,train
Oceania-22,train
Asia-9296,train
Asia-5472,train
Americas-33,train
Asia-8243,train
Asia-10453,train
Americas-239,train
Asia-2219,train
Asia-3142,train
Asia-7022,train
Asia-2500,train
Asia-10569,train
Asia-7993,train
Americas-387,train
Europe-249,train
Asia-733,train
Asia-9450,train
Asia-2742,train
Asia-454,train
Asia-5766,train
Asia-3436,train
Asia-2941,train
Asia-2678,train
Asia-10463,train
Asia-300,train
Asia-10790,train
Asia-2860,train
Asia-9990,train
Asia-187,train
Asia-1710,train
Asia-4186,train
Asia-9875,train
Americas-128,train
Asia-10267,train
Asia-3930,train
Asia-5185,train
Africa-240,train
Asia-9258,train
Asia-10189,train
Asia-248,train
Americas-1,train
Asia-3344,train
Asia-5783,train
Asia-483,train
Europe-289,train
Asia-10254,train
Asia-3318,train
Asia-7036,train
Asia-7165,train
Asia-6100,train
Americas-634,train
Asia-1820,train
Asia-3800,train
Asia-3384,train
Asia-1890,train
Asia-3346,train
Asia-10354,train
Asia-3202,train
Asia-2187,train
Asia-9870,train
Asia-151,train
Asia-7349,train
Asia-7544,train
Asia-10172,train
Asia-7577,train
Asia-4916,train
Asia-1012,train
Asia-7678,train
Asia-9844,train
Asia-10359,train
Asia-1470,train
Asia-1996,train
Africa-557,train
Asia-9566,train
Asia-6155,train
Asia-7651,train
Asia-2284,train
Asia-6245,train
Asia-3702,train
Americas-814,train
Asia-4959,train
Asia-10043,train
Asia-6321,train
Asia-7896,train
Oceania-165,train
Asia-2324,train
Asia-8885,train
Americas-817,train
Americas-934,train
Asia-10168,train
Asia-10187,train
Asia-4145,train
Asia-10232,train
Asia-2825,train
Asia-4996,train
Asia-8444,train
Asia-7122,train
Asia-10239,train
Europe-248,train
Asia-2741,train
Asia-1417,train
Oceania-204,train
Asia-1301,train
Asia-10089,train
Asia-10686,train
Asia-2865,train
Asia-6322,train
Asia-162,train
Asia-4379,train
Americas-983,train
Asia-2891,train
Asia-2287,train
Asia-4167,train
Americas-1112,train
Asia-10623,train
Asia-1460,train
Asia-2181,train
Asia-2073,train
Asia-9308,train
Asia-5051,train
Asia-6941,train
Asia-370,train
Asia-6798,train
Asia-9619,train
Asia-166,train
Africa-272,train
Asia-5782,train
Asia-2078,train
Asia-4216,train
Asia-2061,train
Asia-3337,train
Asia-6231,train
Americas-664,train
Asia-4284,train
Asia-8427,train
Asia-9177,train
Asia-9063,train
Asia-7549,train
Asia-3925,train
Asia-9973,train
Asia-7706,train
Africa-613,train
Asia-8781,train
Asia-2369,train
Asia-3123,train
Asia-5976,train
Asia-5256,train
Asia-2524,train
Asia-9646,train
Asia-9207,train
Americas-23,train
Asia-897,train
Asia-7935,train
Europe-625,train
Asia-7533,train
Asia-6020,train
Asia-2382,train
Europe-494,train
Asia-5291,train
Asia-2179,train
Asia-265,train
Asia-4317,train
Asia-2430,train
Europe-303,train
Asia-6234,train
Americas-602,train
Americas-1086,train
Asia-2186,train
Europe-563,train
Asia-5826,train
Africa-297,train
Asia-6543,train
Asia-9380,train
Africa-201,train
Asia-9101,train
Asia-1515,train
Asia-189,train
Asia-2952,train
Asia-352,train
Asia-6863,train
Asia-4039,train
Asia-4545,train
Asia-6702,train
Asia-8908,train
Asia-8651,train
Asia-3367,train
Asia-10434,train
Asia-10118,train
Americas-525,train
Asia-9806,train
Americas-691,train
Asia-6566,train
Asia-2164,train
Asia-6129,train
Asia-5163,train
Asia-7486,train
Africa-223,train
Asia-4457,train
Africa-169,train
Europe-630,train
Asia-9200,train
Asia-8178,train
Asia-9439,train
Asia-1192,train
Asia-464,train
Asia-8022,train
Asia-3386,train
Asia-33,train
Asia-9036,train
Asia-4294,train
Asia-6561,train
Asia-5139,train
Asia-4221,train
Asia-5646,train
Asia-3635,train
Asia-376,train
Asia-10440,train
Asia-4530,train
Asia-6614,train
Europe-316,train
Asia-7548,train
Americas-519,train
Asia-1527,train
Asia-10516,train
Asia-2536,train
Asia-10349,train
Oceania-221,train
Asia-1058,train
Asia-7030,train
Asia-2513,train
Asia-2972,train
Asia-4897,train
Asia-5012,train
Asia-8956,train
Asia-2269,train
Asia-1047,train
Asia-5716,train
Asia-4393,train
Asia-4745,train
Asia-3292,train
Asia-791,train
Asia-7633,train
Asia-4040,train
Asia-1783,train
Asia-2651,train
Asia-10170,train
Asia-10317,train
Oceania-120,train
Asia-8869,train
Europe-169,train
Asia-7355,train
Europe-346,train
Asia-99,train
Asia-7154,train
Asia-3933,train
Asia-10153,train
Asia-4950,train
Asia-8398,train
Asia-9650,train
Asia-7811,train
Asia-8665,train
Americas-61,train
Asia-9017,train
Asia-9034,train
Asia-6197,train
Oceania-189,train
Asia-10436,train
Asia-9393,train
Asia-1137,train
Asia-2171,train
Asia-7273,train
Asia-3172,train
Asia-6083,train
Africa-290,train
Africa-70,train
Asia-4209,train
Asia-7717,train
Asia-1660,train
Asia-276,train
Asia-5345,train
Asia-10079,train
Americas-659,train
Asia-4511,train
Asia-4023,train
Americas-444,train
Asia-7177,train
Oceania-209,train
Asia-10698,train
Africa-285,train
Asia-4527,train
Asia-8561,train
Europe-69,train
Americas-1073,train
Asia-5309,train
Europe-334,train
Asia-6194,train
Asia-5348,train
Asia-7875,train
Asia-7638,train
Asia-6802,train
Asia-9152,train
Asia-7157,train
Asia-5820,train
Europe-485,train
Asia-8968,train
Oceania-248,train
Asia-7977,train
Asia-5910,train
Asia-6456,train
Asia-6539,train
Asia-10105,train
Asia-2666,train
Africa-463,train
Asia-7204,train
Europe-96,train
Asia-8145,train
Asia-78,train
Asia-3590,train
Africa-563,train
Asia-10752,train
Asia-9337,train
Asia-4846,train
Asia-9581,train
Asia-356,train
Asia-2755,train
Asia-10836,train
Asia-5830,train
Europe-414,train
Asia-4200,train
Asia-9749,train
Asia-2720,train
Europe-97,train
Asia-3960,train
Asia-6626,train
Asia-9983,train
Africa-103,train
Asia-7606,train
Asia-4180,train
Asia-129,train
Asia-10178,train
Oceania-72,train
Asia-7287,train
Asia-6652,train
Asia-434,train
Europe-450,train
Asia-6919,train
Asia-10394,train
Americas-367,train
Asia-7260,train
Asia-3919,train
Africa-413,train
Asia-6575,train
Asia-3631,train
Asia-8043,train
Asia-1977,train
Asia-2925,train
Asia-9991,train
Oceania-73,train
Asia-9605,train
Americas-616,train
Asia-8879,train
Americas-1164,train
Asia-846,train
Asia-6402,train
Americas-1057,train
Asia-10025,train
Asia-8498,train
Asia-6590,train
Asia-7852,train
Asia-8900,train
Asia-5658,train
Asia-1102,train
Asia-1587,train
Africa-519,train
Asia-7871,train
Oceania-123,train
Americas-1033,train
Asia-3749,train
Asia-10121,train
Asia-1911,train
Americas-851,train
Americas-476,train
Asia-5292,train
Asia-9480,train
Asia-240,train
Asia-8723,train
Asia-105,train
Asia-3883,train
Asia-1589,train
Asia-7933,train
Asia-281,train
Americas-167,train
Europe-147,train
Asia-4760,train
Asia-4479,train
Asia-412,train
Asia-3151,train
Asia-10562,train
Asia-612,train
Africa-596,train
Americas-752,train
Asia-6409,train
Asia-10659,train
Oceania-42,train
Asia-8092,train
Asia-10746,train
Asia-2555,train
Asia-6943,train
Asia-7334,train
Americas-80,train
Asia-10416,train
Asia-6721,train
Asia-10568,train
Asia-9420,train
Asia-623,train
Asia-4661,train
Asia-1857,train
Asia-8169,train
Asia-10395,train
Europe-291,train
Americas-542,train
Asia-605,train
Asia-5516,train
Asia-787,train
Americas-759,train
Asia-2384,train
Asia-1699,train
Asia-887,train
Asia-1245,train
Oceania-6,train
Asia-7743,train
Asia-1500,train
Asia-3501,train
Asia-3506,train
Asia-10103,train
Asia-1870,train
Africa-525,train
Asia-10014,train
Asia-4232,train
Americas-908,train
Asia-2811,train
Asia-196,train
Asia-5273,train
Europe-404,train
Asia-2595,train
Asia-10036,train
Asia-3160,train
Africa-395,train
Asia-1975,train
Asia-5843,train
Asia-7453,train
Asia-1080,train
Asia-482,train
Asia-5510,train
Americas-1179,train
Asia-10050,train
Africa-485,train
Asia-950,train
Asia-2719,train
Asia-3706,train
Asia-1919,train
Asia-8639,train
Asia-8703,train
Asia-10513,train
Asia-4866,train
Asia-10256,train
Europe-143,train
Asia-6425,train
Asia-6560,train
Americas-920,train
Asia-9463,train
Asia-1760,train
Asia-4035,train
Asia-5251,train
Americas-1157,train
Americas-393,train
Asia-130,train
Asia-3171,train
Asia-9779,train
Asia-10425,train
Asia-1667,train
Asia-1024,train
Asia-721,train
Asia-723,train
Asia-8736,train
Asia-1496,train
Europe-176,train
Asia-521,train
Asia-9356,train
Asia-10069,train
Asia-5476,train
Asia-6384,train
Asia-786,train
Asia-6459,train
Asia-2937,train
Asia-3437,train
Asia-5933,train
Asia-6122,train
Asia-10764,train
Asia-6147,train
Americas-93,train
Asia-9615,train
Americas-656,train
Asia-1795,train
Asia-1427,train
Africa-5,train
Asia-7369,train
Asia-9232,train
Asia-5128,train
Asia-8850,train
Asia-2636,train
Asia-8465,train
Europe-572,train
Asia-823,train
Asia-9513,train
Asia-3309,train
Asia-2023,train
Asia-2049,train
Asia-9735,train
Asia-3177,train
Europe-306,train
Asia-4322,train
Asia-10767,train
Asia-1762,train
Africa-509,train
Asia-2047,train
Europe-263,train
Asia-581,train
Asia-4613,train
Africa-539,train
Asia-8793,train
Asia-343,train
Asia-6710,train
Americas-925,train
Asia-5230,train
Africa-381,train
Asia-3926,train
Americas-831,train
Asia-1275,train
Americas-72,train
Asia-7770,train
Asia-5601,train
Asia-7185,train
Americas-117,train
Africa-148,train
Americas-584,train
Asia-10124,train
Asia-7435,train
Asia-6294,train
Asia-9185,train
Asia-1770,train
Asia-9995,train
Asia-8213,train
Asia-608,train
Asia-5155,train
Asia-8877,train
Asia-2301,train
Asia-3984,train
Americas-1175,train
Asia-854,train
Asia-4499,train
Asia-10164,train
Asia-9554,train
Asia-4587,train
Asia-10327,train
Asia-9824,train
Asia-5755,train
Asia-667,train
Asia-4252,train
Asia-7735,train
Americas-552,train
Asia-10471,train
Americas-1147,train
Asia-9546,train
Asia-5042,train
Asia-8596,train
Asia-5942,train
Asia-7130,train
Asia-7862,train
Asia-1144,train
Asia-671,train
Asia-323,train
Asia-3284,train
Asia-2793,train
Asia-5435,train
Asia-9882,train
Asia-3201,train
Asia-10229,train
Europe-336,train
Asia-2333,train
Americas-861,train
Asia-4732,train
Asia-9810,train
Asia-8434,train
Asia-2343,train
Europe-397,train
Africa-535,train
Asia-250,train
Asia-3311,train
Europe-484,train
Asia-8531,train
Asia-7978,train
Oceania-195,train
Asia-6671,train
Asia-5807,train
Asia-2252,train
Asia-1009,train
Asia-10700,train
Asia-6062,train
Asia-6554,train
Asia-952,train
Americas-894,train
Asia-6446,train
Europe-154,train
Asia-6611,train
Americas-1027,train
Asia-9133,train
Americas-213,train
Asia-6503,train
Asia-5225,train
Asia-618,train
Asia-2189,train
Americas-828,train
Asia-9229,train
Asia-10652,train
Asia-7062,train
Asia-4621,train
Europe-497,train
Asia-8914,train
Asia-1312,train
Asia-4477,train
Asia-4447,train
Asia-1862,train
Europe-128,train
Asia-5930,train
Asia-6469,train
Asia-7572,train
Asia-2407,train
Asia-8504,train
Africa-1,train
Americas-810,train
Americas-399,train
Oceania-76,train
Asia-2226,train
Asia-7164,train
Asia-6260,train
Asia-8870,train
Europe-374,train
Europe-529,train
Asia-7703,train
Asia-9774,train
Europe-259,train
Asia-9595,train
Asia-10563,train
Asia-10602,train
Africa-442,train
Asia-3667,train
Asia-6270,train
Asia-6922,train
Europe-134,train
Asia-1335,train
Asia-8528,train
Asia-2938,train
Asia-243,train
Asia-8828,train
Africa-220,train
Asia-10546,train
Europe-53,train
Asia-1386,train
Americas-236,train
Asia-5288,train
Asia-5994,train
Asia-10736,train
Asia-8497,train
Asia-8859,train
Asia-5575,train
Asia-6094,train
Asia-6339,train
Asia-273,train
Asia-9559,train
Asia-2815,train
Asia-675,train
Asia-2032,train
Asia-10033,train
Americas-875,train
Asia-848,train
Asia-1095,train
Asia-6788,train
Asia-6803,train
Asia-4734,train
Americas-1039,train
Asia-7492,train
Americas-105,train
Asia-2746,train
Asia-6374,train
Asia-1307,train
Asia-9004,train
Asia-1314,train
Asia-10150,train
Asia-8358,train
Asia-7328,train
Asia-7781,train
Asia-5890,train
Asia-1043,train
Asia-3507,train
Asia-10115,train
Asia-6,train
Europe-501,train
Europe-55,train
Africa-541,train
Asia-10346,train
Asia-5454,train
Africa-317,train
Asia-4879,train
Asia-8088,train
Americas-1069,train
Asia-5838,train
Asia-636,train
Asia-6016,train
Americas-120,train
Asia-72,train
Asia-8895,train
Americas-10,train
Asia-8858,train
Asia-4100,train
Americas-818,train
Asia-1879,train
Asia-7200,train
Asia-2054,train
Asia-3339,train
Oceania-56,train
Europe-294,train
Asia-2347,train
Asia-416,train
Americas-679,train
Asia-1841,train
Asia-1789,train
Asia-9549,train
Asia-2469,train
Americas-947,train
Asia-6872,train
Asia-8815,train
Asia-7129,train
Asia-4273,train
Asia-10083,train
Asia-7959,train
Asia-152,train
Asia-3036,train
Asia-1443,train
Asia-9904,train
Asia-9259,train
Asia-3474,train
Asia-3058,train
Asia-5515,train
Asia-6479,train
Asia-8834,train
Asia-8355,train
Africa-561,train
Asia-2248,train
Asia-910,train
Asia-349,train
Asia-2662,train
Asia-6684,train
Asia-7789,train
Americas-800,train
Asia-10198,train
Asia-1252,train
Asia-2144,train
Asia-10800,train
Asia-7431,train
Asia-5287,train
Asia-10192,train
Asia-3325,train
Asia-365,train
Asia-4738,train
Asia-747,train
Asia-2584,train
Europe-504,train
Asia-401,train
Americas-284,train
Asia-5093,train
Americas-594,train
Asia-1353,train
Asia-1753,train
Asia-354,train
Asia-4994,train
Asia-7289,train
Asia-9555,train
Asia-10215,train
Asia-3209,train
Asia-4877,train
Asia-5816,train
Asia-6219,train
Europe-543,train
Asia-9505,train
Asia-3103,train
Asia-6013,train
Asia-1801,train
Africa-167,train
Asia-10011,train
Asia-6085,train
Asia-2643,train
Asia-2280,train
Asia-3867,train
Asia-10429,train
Americas-112,train
Americas-1129,train
Asia-3347,train
Asia-5687,train
Asia-3112,train
Asia-2541,train
Asia-1838,train
Americas-361,train
Asia-9362,train
Asia-5254,train
Europe-507,train
Americas-1119,train
Asia-4941,train
Asia-2470,train
Asia-5919,train
Oceania-233,train
Asia-7140,train
Asia-9028,train
Asia-2546,train
Asia-3170,train
Americas-484,train
Asia-227,train
Americas-927,train
Asia-5491,train
Asia-2562,train
Asia-10223,train
Africa-524,train
Asia-9734,train
Asia-9588,train
Americas-347,train
Asia-2363,train
Europe-76,train
Asia-7155,train
Asia-889,train
Asia-3588,train
Asia-1490,train
Asia-1829,train
Asia-7295,train
Asia-8269,train
Asia-10188,train
Africa-424,train
Asia-1830,train
Asia-3734,train
Asia-7849,train
Asia-8177,train
Asia-6354,train
Asia-112,train
Asia-10253,train
Asia-10549,train
Asia-2833,train
Asia-9491,train
Asia-3265,train
Americas-647,train
Asia-5223,train
Asia-8779,train
Asia-5264,train
Asia-1734,train
Asia-7667,train
Americas-135,train
Asia-3210,train
Asia-9006,train
Africa-572,train
Asia-271,train
Asia-5699,train
Asia-7478,train
Asia-9996,train
Asia-10310,train
Asia-8403,train
Asia-335,train
Asia-7566,train
Asia-5735,train
Asia-7630,train
Asia-5695,train
Asia-1199,train
Asia-2062,train
Asia-7983,train
Asia-6892,train
Americas-955,train
Asia-4872,train
Asia-5368,train
Africa-161,train
Asia-3197,train
Asia-4356,train
Asia-4707,train
Africa-302,train
Asia-4184,train
Asia-9511,train
Asia-10435,train
Asia-955,train
Asia-10122,train
Asia-9929,train
Asia-474,train
Asia-6982,train
Europe-300,train
Asia-8750,train
Asia-2041,train
Americas-26,train
Americas-403,train
Asia-3,train
Asia-6772,train
Asia-5638,train
Africa-520,train
Asia-3951,train
Asia-6410,train
Asia-2503,train
Asia-1999,train
Europe-234,train
Asia-2796,train
Americas-341,train
Africa-532,train
Asia-5017,train
Asia-4539,train
Asia-9276,train
Asia-2229,train
Asia-2874,train
Asia-635,train
Asia-2834,train
Americas-651,train
Americas-738,train
Asia-4728,train
Asia-5928,train
Africa-33,train
Asia-7028,train
Americas-390,train
Asia-760,train
Africa-452,train
Asia-8307,train
Europe-516,train
Asia-9942,train
Asia-1521,train
Asia-8911,train
Asia-6206,train
Europe-141,train
Americas-906,train
Asia-2042,train
Asia-7950,train
Asia-3038,train
Asia-8706,train
Asia-3541,train
Africa-298,train
Asia-7798,train
Asia-9504,train
Asia-8059,train
Asia-6474,train
Asia-7958,train
Africa-546,train
Asia-1303,train
Asia-194,train
Africa-94,train
Asia-689,train
Asia-1096,train
Asia-6954,train
Asia-3935,train
Asia-7424,train
Asia-8431,train
Asia-7209,train
Asia-397,train
Asia-6104,train
Asia-6527,train
Asia-10814,train
Asia-8102,train
Asia-1593,train
Asia-4805,train
Asia-5193,train
Asia-4593,train
Asia-9031,train
Asia-2823,train
Asia-2897,train
Asia-10825,train
Asia-5855,train
Asia-2813,train
Asia-2478,train
Asia-8126,train
Asia-1570,train
Asia-7267,train
Asia-845,train
Asia-2257,train
Africa-324,train
Asia-8404,train
Asia-7491,train
Asia-6886,train
Asia-5925,train
Americas-515,train
Asia-9614,train
Asia-8711,train
Asia-6775,train
Asia-5427,train
Asia-95,train
Asia-7988,train
Africa-460,train
Asia-6267,train
Asia-8433,train
Africa-551,train
Asia-5879,train
Americas-371,train
Asia-9738,train
Asia-25,train
Asia-2088,train
Asia-7354,train
Europe-194,train
Asia-7673,train
Americas-314,train
Asia-1036,train
Asia-1420,train
Asia-10127,train
Asia-4900,train
Asia-396,train
Asia-2850,train
Europe-564,train
Asia-6483,train
Asia-6730,train
Africa-365,train
Asia-1522,train
Asia-2512,train
Asia-2112,train
Asia-1344,train
Asia-9208,train
Asia-2791,train
Asia-10151,train
Asia-9144,train
Americas-382,train
Asia-5589,train
Asia-5756,train
Asia-3489,train
Asia-10469,train
Asia-9971,train
Asia-8421,train
Asia-9290,train
Americas-1079,train
Asia-3623,train
Asia-10721,train
Americas-521,train
Asia-10748,train
Asia-8390,train
Asia-10486,train
Europe-506,train
Asia-4517,train
Europe-372,train
Asia-641,train
Asia-3077,train
Asia-1778,train
Asia-10478,train
Asia-9787,train
Asia-1324,train
Asia-2306,train
Asia-5751,train
Asia-5351,train
Asia-7231,train
Asia-3213,train
Asia-1169,train
Asia-2065,train
Asia-5463,train
Asia-224,train
Asia-730,train
Asia-9140,train
Asia-6949,train
Americas-551,train
Asia-7107,train
Americas-672,train
Asia-7502,train
Europe-151,train
Asia-7991,train
Asia-1233,train
Asia-2854,train
Asia-5525,train
Asia-6488,train
Asia-8928,train
Asia-9825,train
Asia-3664,train
Americas-633,train
Asia-8221,train
Asia-2473,train
Asia-7316,train
Asia-2081,train
Asia-574,train
Asia-5220,train
Asia-8500,train
Asia-5433,train
Asia-5865,train
Asia-2140,train
Asia-9087,train
Americas-758,train
Asia-6108,train
Asia-6392,train
Europe-122,train
Asia-8509,train
Asia-6933,train
Asia-160,train
Asia-4185,train
Americas-617,train
Asia-7724,train
Asia-7000,train
Africa-441,train
Asia-9453,train
Asia-10206,train
Asia-3279,train
Asia-5777,train
Asia-1203,train
Asia-10835,train
Africa-570,train
Asia-6126,train
Asia-6078,train
Asia-7573,train
Asia-8328,train
Asia-7785,train
Asia-1599,train
Asia-9043,train
Asia-907,train
Europe-58,train
Europe-379,train
Asia-3807,train
Asia-10052,train
Asia-1967,train
Asia-4485,train
Oceania-194,train
Europe-274,train
Asia-7704,train
Asia-10123,train
Asia-9328,train
Asia-6971,train
Asia-8110,train
Asia-8634,train
Americas-896,train
Asia-3842,train
Americas-931,train
Americas-585,train
Asia-6641,train
Asia-6540,train
Asia-7621,train
Asia-9744,train
Asia-8473,train
Asia-4343,train
Asia-6520,train
Asia-7618,train
Asia-10706,train
Americas-151,train
Asia-6241,train
Asia-1915,train
Asia-8493,train
Americas-288,train
Asia-10117,train
Asia-7866,train
Asia-2152,train
Asia-4163,train
Asia-2399,train
Asia-5968,train
Asia-3901,train
Asia-2881,train
Asia-1851,train
Asia-2102,train
Asia-4894,train
Asia-1687,train
Asia-9448,train
Asia-6686,train
Asia-10017,train
Asia-8845,train
Asia-2251,train
Asia-2336,train
Asia-10242,train
Asia-10540,train
Americas-829,train
Asia-3880,train
Africa-574,train
Asia-5320,train
Asia-3613,train
Asia-9164,train
Asia-9307,train
Americas-777,train
Asia-5935,train
Asia-1717,train
Asia-3908,train
Asia-10834,train
Asia-2981,train
Asia-7609,train
Europe-230,train
Americas-518,train
Asia-9322,train
Asia-3757,train
Asia-5114,train
Asia-7994,train
Asia-5591,train
Asia-2880,train
Asia-8699,train
Asia-9521,train
Asia-118,train
Asia-9430,train
Asia-232,train
Asia-4337,train
Asia-4008,train
Asia-6164,train
Asia-998,train
Asia-3429,train
Asia-5841,train
Americas-206,train
Asia-7942,train
Asia-3023,train
Asia-2712,train
Asia-2667,train
Asia-3965,train
Asia-8765,train
Asia-1127,train
Asia-9564,train
Asia-390,train
Asia-526,train
Asia-7187,train
Asia-3189,train
Asia-3321,train
Asia-1123,train
Americas-265,train
Asia-9108,train
Americas-37,train
Asia-7410,train
Asia-10650,train
Asia-931,train
Asia-430,train
Europe-187,train
Asia-4721,train
Oceania-198,train
Asia-116,train
Asia-2861,train
Asia-6907,train
Asia-1646,train
Asia-10579,train
Asia-2852,train
Asia-8380,train
Asia-2966,train
Asia-7555,train
Oceania-235,train
Americas-115,train
Asia-540,train
Asia-8116,train
Asia-4285,train
Asia-4644,train
Asia-2434,train
Asia-10101,train
Asia-3418,train
Asia-9193,train
Asia-2935,train
Asia-908,train
Asia-5556,train
Americas-560,train
Africa-293,train
Asia-6917,train
Americas-36,train
Asia-10557,train
Oceania-177,train
Asia-4203,train
Europe-5,train
Asia-4369,train
Asia-8279,train
Asia-4072,train
Asia-2412,train
Asia-4020,train
Americas-1095,train
Asia-9855,train
Asia-3360,train
Asia-9752,train
Asia-6076,train
Asia-1712,train
Asia-6489,train
Asia-704,train
Asia-1000,train
Asia-847,train
Asia-2058,train
Asia-8714,train
Asia-1698,train
Africa-501,train
Europe-445,train
Asia-10287,train
Asia-1755,train
Asia-7595,train
Asia-10133,train
Asia-1270,train
Africa-253,train
Asia-6552,train
Americas-413,train
Asia-8872,train
Asia-2714,train
Asia-2902,train
Americas-475,train
Asia-9869,train
Asia-1073,train
Asia-1528,train
Asia-6853,train
Europe-16,train
Asia-9147,train
Asia-6387,train
Asia-7647,train
Asia-10304,train
Asia-2878,train
Asia-963,train
Asia-1488,train
Asia-6025,train
Americas-917,train
Asia-6512,train
Asia-5081,train
Asia-9472,train
Asia-7324,train
Americas-1180,train
Asia-5239,train
Asia-10100,train
Africa-129,train
Asia-2121,train
Asia-5595,train
Asia-8727,train
Asia-4589,train
Asia-1708,train
Asia-8278,train
Asia-7487,train
Asia-2528,train
Europe-536,train
Asia-1005,train
Americas-63,train
Oceania-229,train
Asia-9169,train
Asia-6593,train
Asia-2822,train
Asia-3068,train
Asia-3450,train
Asia-4521,train
Asia-9956,train
Oceania-238,train
Asia-9251,train
Asia-6453,train
Asia-1952,train
Asia-9476,train
Asia-9160,train
Asia-9843,train
Asia-5344,train
Africa-307,train
Africa-271,train
Asia-1561,train
Asia-5724,train
Asia-8889,train
Asia-5672,train
Asia-5403,train
Asia-6937,train
Asia-9675,train
Asia-5501,train
Oceania-66,train
Africa-60,train
Asia-9204,train
Asia-1264,train
Asia-685,train
Asia-2884,train
Asia-10217,train
Asia-7244,train
Asia-4832,train
Asia-6750,train
Asia-2157,train
Asia-10308,train
Asia-2174,train
Asia-9692,train
Asia-3539,train
Asia-9176,train
Africa-259,train
Asia-1883,train
Asia-10740,train
Asia-5651,train
Asia-10177,train
Asia-7892,train
Asia-6328,train
Asia-1790,train
Americas-150,train
Asia-9861,train
Asia-3798,train
Asia-6268,train
Americas-721,train
Asia-9541,train
Asia-4461,train
Asia-8376,train
Asia-6467,train
Asia-3057,train
Asia-8687,train
Asia-9442,train
Asia-678,train
Americas-670,train
Asia-8254,train
Africa-6,train
Asia-7101,train
Asia-3884,train
Asia-5923,train
Europe-338,train
Asia-8663,train
Asia-3682,train
Asia-7031,train
Asia-5022,train
Asia-9986,train
Asia-1448,train
Asia-1856,train
Asia-9003,train
Asia-9848,train
Asia-2570,train
Asia-6507,train
Asia-1604,train
Asia-10351,train
Americas-624,train
Asia-4932,train
Asia-7368,train
Americas-17,train
Asia-3164,train
Asia-2208,train
Asia-6542,train
Asia-4518,train
Asia-5992,train
Asia-829,train
Asia-9215,train
Asia-1371,train
Asia-6114,train
Africa-511,train
Asia-5127,train
Americas-684,train
Asia-10527,train
Asia-6778,train
Asia-10373,train
Americas-687,train
Asia-5963,train
Asia-2740,train
Europe-550,train
Asia-4549,train
Asia-9794,train
Asia-4810,train
Asia-2375,train
Asia-5458,train
Asia-5068,train
Asia-98,train
Europe-22,train
Africa-231,train
Americas-914,train
Europe-18,train
Asia-2943,train
Asia-1578,train
Asia-3636,train
Asia-3924,train
Asia-10610,train
Africa-537,train
Asia-10692,train
Asia-10298,train
Europe-210,train
Americas-864,train
Asia-5367,train
Asia-2266,train
Asia-5835,train
Asia-7828,train
Asia-3297,train
Oceania-100,train
Asia-9921,train
Asia-5452,train
Asia-6627,train
Asia-3587,train
Asia-8760,train
Asia-9299,train
Asia-9947,train
Asia-5571,train
Asia-4634,train
Asia-6412,train
Asia-1049,train
Asia-8739,train
Asia-1234,train
Americas-610,train
Oceania-151,train
Asia-3457,train
Asia-983,train
Asia-6229,train
Asia-8556,train
Asia-9761,train
Americas-997,train
Asia-3981,train
Africa-616,train
Asia-10270,train
Asia-6913,train
Asia-3763,train
Asia-7421,train
Africa-155,train
Asia-9378,train
Asia-7859,train
Asia-6385,train
Asia-9578,train
Americas-890,train
Asia-10489,train
Africa-513,train
Americas-196,train
Asia-8245,train
Asia-4502,train
Asia-6259,train
Asia-3326,train
Europe-238,train
Americas-982,train
Asia-8514,train
Asia-9040,train
Asia-1140,train
Asia-2921,train
Asia-4411,train
Asia-223,train
Asia-7900,train
Asia-8948,train
Asia-1418,train
Africa-462,train
Asia-8195,train
Asia-9111,train
Asia-2990,train
Americas-778,train
Asia-8986,train
Asia-8340,train
Africa-601,train
Asia-4948,train
Americas-809,train
Asia-3952,train
Americas-298,train
Asia-1623,train
Asia-2663,train
Asia-1680,train
Asia-337,train
Africa-335,train
Asia-927,train
Asia-5931,train
Asia-4712,train
Asia-6908,train
Asia-1326,train
Asia-3754,train
Americas-41,train
Asia-8094,train
Asia-3075,train
Asia-5072,train
Asia-3403,train
Asia-1343,train
Asia-9797,train
Asia-1126,train
Asia-5964,train
Asia-7232,train
Asia-5180,train
Asia-9225,train
Americas-74,train
Asia-10595,train
Asia-10330,train
Americas-597,train
Asia-4672,train
Asia-88,train
Asia-6511,train
Asia-2648,train
Asia-5364,train
Asia-4119,train
Asia-146,train
Africa-321,train
Asia-8810,train
Asia-7205,train
Americas-913,train
Asia-4309,train
Asia-537,train
Asia-2091,train
Asia-2744,train
Asia-6096,train
Asia-3235,train
Asia-7080,train
Asia-3824,train
Americas-836,train
Asia-9545,train
Asia-5437,train
Asia-4981,train
Asia-2241,train
Asia-9090,train
Asia-2351,train
Asia-4427,train
Asia-5590,train
Asia-1665,train
Asia-2864,train
Americas-75,train
Americas-665,train
Asia-383,train
Asia-5512,train
Asia-5085,train
Asia-3645,train
Asia-1931,train
Asia-3323,train
Asia-5897,train
Asia-4747,train
Asia-3546,train
Asia-3327,train
Asia-596,train
Asia-7778,train
Asia-1472,train
Asia-5092,train
Asia-5144,train
Asia-9469,train
Asia-4062,train
Americas-79,train
Asia-4710,train
Asia-4923,train
Asia-9324,train
Asia-7987,train
Asia-1044,train
Asia-1950,train
Asia-3860,train
Asia-9408,train
Asia-362,train
Asia-1990,train
Asia-7631,train
Oceania-169,train
Asia-6728,train
Asia-5195,train
Asia-3392,train
Asia-7160,train
Asia-1315,train
Asia-9401,train
Asia-916,train
Asia-594,train
Africa-96,train
Americas-149,train
Asia-6218,train
Asia-5252,train
Asia-1332,train
Asia-6185,train
Asia-3766,train
Asia-1833,train
Asia-1606,train
Asia-8187,train
Asia-10130,train
Asia-7315,train
Asia-5717,train
Asia-3300,train
Asia-6514,train
Asia-7086,train
Asia-651,train
Asia-2613,train
Africa-142,train
Americas-1105,train
Europe-120,train
Americas-495,train
Asia-233,train
Asia-5241,train
Asia-9907,train
Asia-10490,train
Asia-10639,train
Asia-2800,train
Americas-812,train
Americas-104,train
Asia-10067,train
Asia-9601,train
Asia-9863,train
Asia-5723,train
Asia-10556,train
Asia-1222,train
Asia-1076,train
Asia-1848,train
Asia-4495,train
Asia-3857,train
Americas-787,train
Asia-4123,train
Asia-4643,train
Africa-68,train
Europe-84,train
Asia-216,train
Asia-7897,train
Americas-654,train
Asia-2085,train
Asia-8040,train
Asia-6146,train
Asia-2736,train
Asia-5799,train
Asia-5082,train
Asia-7799,train
Asia-1187,train
Asia-3503,train
Asia-8273,train
Asia-7934,train
Asia-4768,train
Europe-266,train
Asia-7500,train
Asia-8542,train
Asia-8143,train
Asia-9755,train
Asia-8366,train
Asia-7379,train
Asia-2119,train
Europe-608,train
Asia-1514,train
Asia-8674,train
Oceania-48,train
Africa-428,train
Europe-337,train
Asia-2304,train
Asia-3724,train
Americas-1072,train
Asia-2965,train
Asia-4193,train
Americas-109,train
Asia-4149,train
Asia-5941,train
Oceania-52,train
Asia-988,train
Asia-3000,train
Asia-2672,train
Asia-255,train
Asia-7967,train
Asia-8708,train
Asia-2443,train
Asia-4617,train
Asia-9449,train
Asia-6408,train
Asia-9708,train
Asia-5396,train
Asia-7763,train
Asia-4867,train
Asia-2242,train
Asia-2000,train
Asia-2327,train
Europe-610,train
Asia-4675,train
Asia-7833,train
Asia-7443,train
Asia-7043,train
Africa-49,train
Asia-613,train
Asia-6344,train
Asia-6223,train
Americas-537,train
Asia-8159,train
Americas-6,train
Asia-10515,train
Asia-5536,train
Africa-437,train
Asia-9536,train
Asia-683,train
Asia-8629,train
Africa-295,train
Africa-350,train
Asia-7353,train
Asia-9416,train
Asia-8513,train
Asia-7485,train
Asia-4942,train
Asia-10849,train
Asia-1571,train
Asia-6691,train
Asia-10580,train
Asia-4559,train
Asia-7586,train
Asia-426,train
Asia-7275,train
Americas-690,train
Asia-655,train
Africa-477,train
Asia-3131,train
Asia-793,train
Africa-190,train
Asia-2117,train
Asia-4670,train
Asia-3801,train
Asia-8774,train
Asia-1902,train
Europe-408,train
Africa-12,train
Asia-10329,train
Asia-9301,train
Americas-328,train
Asia-6810,train
Asia-6723,train
Asia-2984,train
Asia-2442,train
Asia-4885,train
Asia-3955,train
Asia-1395,train
Asia-7446,train
Europe-163,train
Asia-7166,train
Asia-7064,train
Asia-4423,train
Americas-1084,train
Asia-3079,train
Asia-7985,train
Oceania-80,train
Asia-9742,train
Europe-121,train
Asia-7989,train
Americas-205,train
Asia-3821,train
Asia-10023,train
Asia-10720,train
Asia-10194,train
Asia-3220,train
Asia-2682,train
Asia-7819,train
Asia-6282,train
Asia-5111,train
Asia-4573,train
Asia-3767,train
Africa-313,train
Asia-10167,train
Asia-8520,train
Asia-8507,train
Asia-10844,train
Asia-9163,train
Asia-2502,train
Africa-545,train
Asia-7529,train
Asia-8104,train
Africa-171,train
Americas-432,train
Asia-5084,train
Asia-3562,train
Asia-6580,train
Asia-10065,train
Asia-2789,train
Africa-241,train
Asia-4194,train
Asia-6355,train
Africa-118,train
Americas-176,train
Asia-6117,train
Asia-7325,train
Asia-6768,train
Asia-2994,train
Asia-9551,train
Asia-4624,train
Asia-2571,train
Asia-7923,train
Asia-8882,train
Asia-413,train
Asia-4839,train
Asia-703,train
Oceania-129,train
Asia-10723,train
Asia-4407,train
Americas-326,train
Asia-4687,train
Europe-15,train
Asia-8807,train
Americas-453,train
Asia-9680,train
Asia-8521,train
Asia-5026,train
Asia-3280,train
Asia-9231,train
Americas-636,train
Asia-3752,train
Asia-1640,train
Asia-306,train
Asia-3198,train
Oceania-12,train
Asia-2481,train
Asia-5462,train
Asia-1676,train
Europe-191,train
Americas-7,train
Asia-10357,train
Asia-4136,train
Asia-1320,train
Asia-2551,train
Asia-7847,train
Africa-461,train
Asia-1983,train
Asia-8371,train
Asia-7730,train
Asia-10360,train
Asia-1641,train
Asia-8474,train
Asia-6442,train
Asia-3815,train
Americas-640,train
Asia-7357,train
Asia-465,train
Americas-722,train
Asia-3658,train
Asia-5300,train
Asia-3730,train
Asia-1798,train
Asia-5690,train
Americas-539,train
Asia-1882,train
Asia-804,train
Asia-6668,train
Asia-4349,train
Europe-44,train
Asia-4210,train
Asia-6549,train
Asia-1139,train
Asia-1634,train
Europe-335,train
Asia-4781,train
Asia-9230,train
Asia-6521,train
Asia-2600,train
Africa-104,train
Asia-3737,train
Asia-9955,train
Asia-494,train
Asia-351,train
Asia-5898,train
Asia-381,train
Americas-608,train
Africa-200,train
Asia-5196,train
Europe-340,train
Asia-9354,train
Asia-2364,train
Asia-7686,train
Asia-814,train
Asia-4199,train
Africa-4,train
Asia-10670,train
Asia-9763,train
Asia-6726,train
Asia-7841,train
Americas-770,train
Asia-5044,train
Asia-7186,train
Asia-7583,train
Asia-6914,train
Americas-772,train
Asia-2592,train
Asia-710,train
Asia-10132,train
Europe-633,train
Asia-6120,train
Asia-5457,train
Asia-4565,train
Europe-523,train
Asia-3689,train
Asia-9589,train
Africa-507,train
Asia-7662,train
Europe-345,train
Asia-6272,train
Asia-1029,train
Asia-8935,train
Asia-1276,train
Europe-403,train
Asia-5819,train
Asia-5927,train
Asia-8583,train
Europe-245,train
Asia-524,train
Asia-8613,train
Asia-3994,train
Asia-7156,train
Americas-346,train
Asia-2656,train
Asia-9042,train
Asia-8041,train
Asia-9027,train
Asia-456,train
Africa-128,train
Americas-258,train
Asia-1406,train
Asia-5412,train
Asia-4556,train
Asia-3463,train
Asia-7061,train
Asia-2970,train
Europe-75,train
Asia-8938,train
Asia-2828,train
Asia-9953,train
Asia-2776,train
Asia-2660,train
Asia-8008,train
Oceania-9,train
Asia-2366,train
Asia-9381,train
Asia-10807,train
Asia-1633,train
Asia-8597,train
Asia-4842,train
Asia-8347,val
Africa-153,val
Americas-641,val
Asia-4859,val
Asia-1588,val
Asia-2650,val
Asia-6139,val
Africa-198,val
Asia-9740,val
Asia-8959,val
Asia-9454,val
Asia-6053,val
Africa-478,val
Asia-580,val
Americas-325,val
Americas-807,val
Asia-9283,val
Asia-7482,val
Asia-3822,val
Asia-5271,val
Asia-3765,val
Asia-4213,val
Asia-5902,val
Asia-473,val
Asia-6548,val
Europe-92,val
Asia-1401,val
Asia-6360,val
Asia-5216,val
Africa-580,val
Asia-8606,val
Asia-10038,val
Asia-4775,val
Asia-4500,val
Asia-4821,val
Asia-496,val
Asia-2411,val
Asia-10057,val
Asia-3624,val
Asia-7664,val
Americas-650,val
Asia-3553,val
Africa-438,val
Asia-7677,val
Asia-8351,val
Asia-7659,val
Americas-853,val
Asia-9519,val
Asia-5640,val
Asia-10196,val
Asia-784,val
Asia-10381,val
Asia-10037,val
Asia-10597,val
Asia-5846,val
Americas-173,val
Asia-9897,val
Asia-9219,val
Asia-9318,val
Asia-8153,val
Asia-8276,val
Asia-5622,val
Americas-730,val
Asia-3076,val
Asia-9918,val
Asia-9364,val
Asia-1244,val
Americas-549,val
Europe-8,val
Asia-7999,val
Asia-10618,val
Americas-1102,val
Americas-1143,val
Asia-1614,val
Asia-6423,val
Asia-4302,val
Asia-5186,val
Asia-844,val
Asia-5004,val
Asia-7100,val
Asia-4326,val
Asia-9540,val
Asia-4437,val
Asia-49,val
Asia-6619,val
Asia-2681,val
Asia-769,val
Asia-10577,val
Americas-302,val
Asia-2458,val
Asia-2519,val
Asia-9363,val
Asia-4283,val
Asia-10589,val
Asia-5402,val
Asia-535,val
Europe-89,val
Asia-4631,val
Asia-7481,val
Asia-5438,val
Asia-7559,val
Asia-5543,val
Asia-3976,val
Asia-1432,val
Asia-5275,val
Americas-799,val
Asia-8599,val
Asia-5057,val
Asia-4400,val
Asia-2309,val
Asia-8275,val
Asia-2501,val
Asia-3557,val
Asia-2959,val
Americas-652,val
Asia-2647,val
Americas-765,val
Asia-1552,val
Asia-8848,val
Asia-10432,val
Asia-9643,val
Asia-7370,val
Africa-433,val
Asia-3581,val
Asia-3399,val
Asia-1022,val
Asia-4147,val
Asia-4771,val
Asia-3272,val
Asia-5131,val
Asia-3604,val
Asia-7336,val
Asia-4653,val
Asia-1532,val
Asia-10675,val
Asia-1908,val
Asia-4197,val
Asia-1272,val
Oceania-223,val
Asia-3408,val
Americas-445,val
Asia-8469,val
Asia-4425,val
Asia-10044,val
Asia-5055,val
Asia-10238,val
Asia-3207,val
Asia-4602,val
Asia-7123,val
Asia-8918,val
Americas-509,val
Asia-8619,val
Americas-773,val
Asia-9051,val
Asia-7161,val
Asia-861,val
Asia-7404,val
Americas-1165,val
Asia-10323,val
Asia-9257,val
Asia-2093,val
Asia-3910,val
Asia-3903,val
Asia-6307,val
Asia-9885,val
Asia-2310,val
Asia-5013,val
Asia-111,val
Asia-3927,val
Asia-10554,val
Asia-8656,val
Asia-9704,val
Asia-8217,val
Americas-147,val
Africa-275,val
Asia-4321,val
Asia-6195,val
Asia-9567,val
Asia-10718,val
Asia-8628,val
Asia-4786,val
Asia-1981,val
Asia-10495,val
Asia-3987,val
Europe-317,val
Asia-9157,val
Asia-1547,val
Asia-6464,val
Asia-1020,val
Americas-238,val
Asia-9256,val
Asia-445,val
Oceania-41,val
Americas-482,val
Asia-9648,val
Asia-8081,val
Asia-6865,val
Asia-7858,val
Asia-5876,val
Asia-2870,val
Asia-9188,val
Europe-611,val
Asia-6577,val
Asia-5718,val
Asia-5557,val
Asia-10431,val
Americas-808,val
Asia-9975,val
Asia-902,val
Asia-752,val
Asia-10155,val
Asia-7649,val
Europe-418,val
Asia-10320,val
Asia-679,val
Asia-5674,val
Asia-780,val
Asia-2802,val
Asia-6161,val
Africa-222,val
Asia-740,val
Africa-544,val
Africa-435,val
Asia-7274,val
Asia-8353,val
Asia-1227,val
Asia-732,val
Asia-3762,val
Asia-9145,val
Asia-3511,val
Asia-7071,val
Asia-639,val
Asia-10565,val
Asia-9013,val
Asia-4933,val
Americas-849,val
Americas-706,val
Asia-6939,val
Asia-6945,val
Asia-16,val
Asia-8860,val
Oceania-2,val
Asia-5381,val
Asia-10202,val
Asia-5875,val
Asia-5324,val
Asia-9444,val
Asia-4917,val
Asia-157,val
Asia-1399,val
Asia-3147,val
Asia-999,val
Asia-841,val
Europe-533,val
Asia-2890,val
Asia-45,val
Asia-5321,val
Asia-1365,val
Asia-10542,val
Asia-10517,val
Asia-5434,val
Americas-580,val
Asia-8574,val
Asia-957,val
Asia-1946,val
Asia-2007,val
Asia-3954,val
Asia-6145,val
Asia-4960,val
Asia-10048,val
Americas-644,val
Americas-746,val
Asia-6793,val
Asia-7716,val
Asia-5814,val
Asia-3502,val
Europe-520,val
Asia-6896,val
Asia-3191,val
Asia-9118,val
Asia-2846,val
Asia-9344,val
Asia-4926,val
Asia-5916,val
Asia-10840,val
Asia-6265,val
Asia-2625,val
Asia-10454,val
Asia-3982,val
Asia-1067,val
Asia-5428,val
Asia-7286,val
Asia-3034,val
Asia-6055,val
Europe-476,val
Asia-4966,val
Asia-879,val
Asia-9709,val
Asia-7414,val
Americas-733,val
Asia-6956,val
Asia-735,val
Asia-5192,val
Asia-8233,val
Asia-1071,val
Asia-8460,val
Americas-273,val
Asia-4560,val
Europe-628,val
Asia-5354,val
Asia-9776,val
Asia-6655,val
Asia-115,val
Africa-69,val
Americas-822,val
Asia-8341,val
Asia-10719,val
Asia-6821,val
Asia-444,val
Americas-815,val
Asia-5094,val
Americas-930,val
Asia-964,val
Asia-2599,val
Asia-4817,val
Asia-696,val
Europe-172,val
Americas-73,val
Asia-9173,val
Americas-327,val
Africa-15,val
Europe-170,val
Asia-1535,val
Asia-8637,val
Asia-1390,val
Asia-6631,val
Americas-312,val
Asia-6463,val
Oceania-193,val
Asia-1988,val
Asia-9932,val
Asia-1163,val
Asia-3812,val
Asia-5850,val
Asia-5779,val
Asia-10281,val
Asia-8298,val
Oceania-43,val
Asia-1926,val
Asia-9887,val
Asia-1831,val
Asia-4139,val
Asia-2482,val
Asia-4957,val
Asia-8786,val
Asia-5150,val
Asia-4161,val
Americas-946,val
Asia-6895,val
Asia-5342,val
Asia-9957,val
Americas-867,val
Africa-573,val
Asia-2455,val
Asia-6133,val
Asia-7042,val
Oceania-234,val
Asia-7701,val
Americas-467,val
Europe-270,val
Asia-3203,val
Asia-4925,val
Asia-8166,val
Asia-4883,val
Asia-9819,val
Asia-7846,val
Africa-72,val
Asia-10389,val
Asia-5787,val
Asia-3420,val
Asia-4214,val
Africa-615,val
Asia-9405,val
Asia-2783,val
Europe-394,val
Asia-2919,val
Asia-8201,val
Asia-4061,val
Asia-2391,val
Asia-4807,val
Asia-929,val
Asia-10446,val
Asia-3803,val
Asia-9428,val
Asia-4531,val
Asia-3744,val
Asia-3351,val
Asia-161,val
Asia-5194,val
Americas-783,val
Asia-4198,val
Asia-9014,val
Asia-6068,val
Asia-6405,val
Asia-4893,val
Asia-8309,val
Asia-6898,val
Asia-3479,val
Asia-6935,val
Asia-3710,val
Asia-4049,val
Asia-10828,val
Africa-206,val
Asia-4263,val
Asia-9009,val
Asia-8704,val
Asia-1791,val
Asia-9254,val
Asia-1959,val
Asia-3137,val
Asia-1120,val
Asia-10387,val
Asia-3608,val
Asia-7055,val
Asia-3823,val
Asia-6698,val
Asia-5837,val
Asia-9192,val
Asia-10551,val
Asia-2095,val
Americas-646,val
Asia-2911,val
Asia-7474,val
Asia-3770,val
Asia-2206,val
Europe-444,val
Asia-7608,val
Asia-9793,val
Asia-10137,val
Asia-3050,val
Asia-5617,val
Asia-1062,val
Americas-202,val
Asia-9076,val
Asia-1033,val
Africa-528,val
Europe-600,val
Asia-8862,val
Asia-7796,val
Asia-6073,val
Asia-10704,val
Asia-5741,val
Asia-8391,val
Asia-10547,val
Asia-8868,val
Asia-3431,val
Asia-1099,val
Asia-3498,val
Asia-4063,val
Asia-9114,val
Oceania-191,val
Europe-606,val
Asia-8345,val
Asia-117,val
Asia-8591,val
Asia-4630,val
Asia-3529,val
Asia-4855,val
Africa-497,val
Asia-10841,val
Asia-9248,val
Asia-4695,val
Europe-503,val
Oceania-59,val
Asia-9538,val
Asia-9978,val
Asia-6625,val
Asia-6048,val
Asia-3126,val
Asia-8881,val
Americas-499,val
Asia-7879,val
Africa-215,val
Asia-9609,val
Asia-9161,val
Asia-9791,val
Asia-5357,val
Asia-2812,val
Asia-8003,val
Asia-5210,val
Americas-642,val
Asia-5249,val
Asia-4104,val
Asia-8796,val
Asia-9872,val
Asia-5176,val
Asia-7891,val
Asia-154,val
Asia-3439,val
Asia-10300,val
Asia-10091,val
Asia-4535,val
Asia-2950,val
Americas-734,val
Asia-2355,val
Asia-7940,val
Asia-4388,val
Asia-3673,val
Asia-5686,val
Asia-463,val
Asia-6318,val
Asia-6066,val
Asia-10456,val
Asia-4888,val
Africa-286,val
Asia-5090,val
Oceania-239,val
Asia-6667,val
Asia-10741,val
Asia-4279,val
Asia-8333,val
Asia-1205,val
Americas-1052,val
Asia-10262,val
Americas-237,val
Oceania-121,val
Asia-8546,val
Asia-7504,val
Asia-3683,val
Asia-7284,val
Americas-437,val
Asia-6706,val
Asia-3921,val
Asia-4295,val
Americas-122,val
Asia-1669,val
Americas-526,val
Asia-8560,val
Asia-10424,val
Americas-1111,val
Asia-2641,val
Asia-5305,val
Asia-8036,val
Asia-9795,val
Asia-7981,val
Asia-4557,val
Americas-944,val
Asia-3362,val
Asia-1686,val
Asia-333,val
Asia-66,val
Asia-3512,val
Oceania-107,val
Asia-5032,val
Asia-7644,val
Asia-6304,val
Americas-456,val
Asia-10162,val
Asia-4599,val
Asia-8163,val
Africa-340,val
Americas-377,val
Africa-9,val
Asia-355,val
Asia-2652,val
Asia-2795,val
Asia-10523,val
Asia-10114,val
Asia-3312,val
Asia-7356,val
Asia-7272,val
Asia-2579,val
Asia-4473,val
Asia-816,val
Asia-3215,val
Asia-9348,val
Asia-6987,val
Europe-320,val
Asia-8425,val
Americas-1071,val
Americas-212,val
Asia-2601,val
Asia-3285,val
Asia-8069,val
Asia-3533,val
Asia-1927,val
Africa-602,val
Asia-10078,val
Asia-9391,val
Asia-7214,val
Asia-1238,val
Asia-8522,val
Asia-3221,val
Asia-7890,val
Asia-8925,val
Asia-8462,val
Europe-265,val
Asia-8555,val
Asia-4952,val
Asia-2926,val
Asia-6948,val
Asia-8454,val
Asia-5474,val
Asia-5135,val
Asia-2940,val
Asia-5691,val
Asia-3007,val
Asia-9826,val
Asia-923,val
Asia-9928,val
Asia-406,val
Asia-653,val
Asia-3516,val
Asia-4138,val
Asia-949,val
Asia-2885,val
Asia-2124,val
Asia-9537,val
Asia-5416,val
Americas-47,val
Asia-7134,val
Asia-2967,val
Asia-8151,val
Asia-1180,val
Asia-10611,val
Asia-7531,val
Asia-6789,val
Asia-9240,val
Asia-5156,val
Asia-10676,val
Asia-7192,val
Asia-2700,val
Asia-10285,val
Europe-215,val
Asia-9297,val
Asia-6232,val
Asia-8620,val
Europe-567,val
Asia-8863,val
Asia-4358,val
Africa-473,val
Asia-10832,val
Asia-1387,val
Asia-8572,val
Asia-1716,val
Asia-4102,val
Asia-7423,val
Asia-4794,val
Asia-5316,val
Asia-2043,val
Asia-4975,val
Asia-2350,val
Asia-7973,val
Asia-6168,val
Asia-6102,val
Asia-4912,val
Asia-3731,val
Asia-6644,val
Asia-3755,val
Africa-144,val
Asia-5074,val
Asia-8326,val
Asia-197,val
Asia-6244,val
Asia-7407,val
Asia-7641,val
Asia-4759,val
Asia-7949,val
Americas-463,val
Africa-486,val
Asia-10181,val
Africa-139,val
Asia-5600,val
Americas-1178,val
Asia-6767,val
Asia-6929,val
Asia-5696,val
Asia-4944,val
Asia-6741,val
Asia-2979,val
Africa-540,val
Asia-9725,val
Asia-9005,val
Asia-8550,val
Asia-1041,val
Asia-7936,val
Asia-8432,val
Asia-10128,val
Asia-1436,val
Asia-8947,val
Asia-3831,val
Europe-183,val
Asia-6009,val
Asia-6970,val
Asia-5980,val
Asia-5289,val
Asia-503,val
Asia-707,val
Asia-4492,val
Asia-7870,val
Asia-2830,val
Asia-1070,val
Asia-4571,val
Asia-5369,val
Asia-7861,val
Asia-1318,val
Asia-9584,val
Asia-10594,val
Africa-287,val
Asia-4014,val
Asia-215,val
Asia-6782,val
Asia-2558,val
Americas-798,val
Asia-1217,val
Americas-319,val
Asia-437,val
Asia-5015,val
Asia-4686,val
Asia-3176,val
Europe-398,val
Asia-9711,val
Asia-2436,val
Asia-4441,val
Asia-6184,val
Asia-4248,val
Asia-7503,val
Asia-7663,val
Africa-45,val
Asia-2444,val
Asia-10809,val
Asia-5207,val
Asia-92,val
Europe-532,val
Asia-6642,val
Asia-954,val
Asia-5037,val
Asia-261,val
Asia-6988,val
Asia-1619,val
Asia-6818,val
Asia-5189,val
Asia-8443,val
Asia-7888,val
Africa-238,val
Americas-682,val
Asia-4351,val
Oceania-86,val
Asia-2530,val
Asia-1637,val
Asia-9528,val
Asia-4581,val
Asia-6869,val
Asia-1268,val
Asia-4333,val
Africa-468,val
Asia-1726,val
Asia-8342,val
Americas-40,val
Asia-522,val
Asia-9616,val
Asia-585,val
Asia-9374,val
Americas-412,val
Asia-2968,val
Asia-6224,val
Asia-3223,val
Asia-141,val
Asia-10104,val
Asia-4452,val
Asia-4742,val
Asia-5319,val
Asia-340,val
Asia-3304,val
Asia-3868,val
Asia-125,val
Africa-598,val
Asia-3061,val
Asia-8712,val
Asia-247,val
Asia-7386,val
Asia-2428,val
Asia-925,val
Asia-5043,val
Europe-148,val
Asia-726,val
Asia-1709,val
Asia-5676,val
Asia-5257,val
Africa-217,val
Europe-47,val
Asia-4812,val
Americas-863,val
Asia-1945,val
Asia-6034,val
Asia-1260,val
Asia-6196,val
Asia-4107,val
Americas-792,val
Asia-5153,val
Asia-4384,val
Asia-2626,val
Asia-9421,val
Africa-371,val
Asia-997,val
Africa-352,val
Asia-2435,val
Asia-7339,val
Americas-761,val
Africa-37,val
Europe-179,val
Asia-6615,val
Asia-1066,val
Asia-7218,val
Asia-9138,val
Asia-10735,val
Americas-295,val
Asia-507,val
Americas-768,val
Americas-415,val
Asia-6500,val
Africa-13,val
Asia-6023,val
Asia-8066,val
Asia-7750,val
Asia-7672,val
Europe-591,val
Asia-5528,val
Asia-10268,val
Asia-4992,val
Asia-5030,val
Asia-2148,val
Asia-7771,val
Asia-1896,val
Europe-575,val
Asia-9783,val
Asia-4595,val
Asia-8904,val
Asia-5353,val
Asia-9094,val
Asia-2147,val
Asia-5456,val
Asia-10129,val
Asia-10777,val
Oceania-95,val
Asia-8315,val
Europe-314,val
Asia-4117,val
Americas-511,val
Asia-5010,val
Asia-3656,val
Asia-5446,val
Asia-7793,val
Asia-10775,val
Asia-4827,val
Americas-65,val
Asia-10457,val
Asia-6390,val
Asia-2729,val
Asia-10212,val
Asia-5306,val
Asia-3686,val
Asia-8410,val
Asia-3668,val
Asia-592,val
Europe-436,val
Asia-7562,val
Asia-3969,val
Americas-797,val
Asia-6819,val
Asia-1628,val
Asia-8343,val
Asia-7693,val
Asia-8199,val
Asia-3848,val
Asia-1648,val
Asia-3844,val
Asia-4372,val
Africa-17,val
Asia-1548,val
Asia-7521,val
Asia-2256,val
Americas-14,val
Asia-9124,val
Asia-6550,val
Asia-4165,val
Asia-3732,val
Asia-7314,val
Asia-2016,val
Asia-2753,val
Asia-5623,val
Asia-8592,val
Asia-4307,val
Asia-10571,val
Asia-6262,val
Europe-499,val
Americas-1152,val
Asia-9813,val
Americas-996,val
Asia-4694,val
Europe-433,val
Asia-1973,val
Asia-2882,val
Asia-6375,val
Asia-3518,val
Asia-4368,val
Asia-9805,val
Asia-59,val
Asia-10423,val
Asia-2360,val
Asia-4788,val
Asia-4103,val
Asia-2991,val
Asia-1835,val
Asia-2193,val
Europe-460,val
Asia-9993,val
Asia-9270,val
Asia-9814,val
Europe-574,val
Asia-7855,val
Asia-1358,val
Asia-5270,val
Asia-283,val
Americas-666,val
Asia-7470,val
Americas-21,val
Asia-9262,val
Asia-63,val
Asia-6443,val
Asia-5632,val
Asia-1396,val
Americas-1150,val
Asia-7617,val
Asia-10504,val
Asia-6192,val
Asia-9233,val
Asia-2214,val
Asia-7054,val
Asia-10072,val
Asia-6198,val
Europe-395,val
Asia-4955,val
Asia-10405,val
Asia-3601,val
Africa-165,val
Asia-7329,val
Asia-4131,val
Asia-307,val
Asia-6796,val
Asia-5955,val
Europe-487,val
Asia-8919,val
Africa-145,val
Asia-7226,val
Americas-228,val
Asia-4395,val
Asia-3828,val
Asia-1652,val
Asia-2063,val
Asia-10026,val
Asia-2553,val
Asia-4902,val
Asia-1754,val
Asia-1093,val
Asia-1397,val
Asia-6873,val
Asia-9632,val
Asia-2585,val
Asia-1412,val
Europe-212,val
Asia-2633,val
Asia-5995,val
Asia-5592,val
Americas-398,val
Africa-475,val
Asia-4486,val
Asia-2572,val
Asia-912,val
Americas-1040,val
Asia-6811,val
Americas-965,val
Asia-2873,val
Oceania-245,val
Asia-4570,val
Asia-6437,val
Asia-8899,val
Americas-1048,val
Asia-1445,val
Asia-2537,val
Asia-7426,val
Asia-10674,val
Asia-257,val
Asia-517,val
Asia-8755,val
Africa-192,val
Asia-2560,val
Asia-2566,val
Asia-9431,val
Asia-2254,val
Asia-201,val
Asia-2986,val
Asia-2410,val
Asia-9312,val
Asia-8236,val
Americas-637,val
Asia-7498,val
Americas-712,val
Oceania-242,val
Americas-318,val
Asia-1702,val
Asia-2136,val
Asia-6923,val
Asia-7576,val
Asia-8218,val
Asia-8563,val
Asia-4611,val
Africa-276,val
Africa-360,val
Africa-392,val
Europe-106,val
Europe-142,val
Asia-10593,val
Asia-3906,val
Europe-247,val
Europe-495,val
Asia-4980,val
Asia-6555,val
Asia-7176,val
Asia-4785,val
Asia-3609,val
Asia-5188,val
Oceania-218,val
Asia-5537,val
Europe-468,val
Asia-7189,val
Asia-3427,val
Asia-8902,val
Asia-6496,val
Asia-10138,val
Africa-41,val
Asia-558,val
Africa-591,val
Asia-1626,val
Asia-7281,val
Asia-1007,val
Asia-4522,val
Asia-7692,val
Americas-35,val
Asia-7326,val
Asia-10756,val
Asia-10466,val
Asia-8630,val
Asia-5310,val
Asia-7106,val
Asia-7009,val
Asia-8769,val
Asia-1166,val
Asia-10628,val
Asia-8033,val
Asia-5148,val
Africa-504,val
Asia-7842,val
Americas-886,val
Asia-6771,val
Asia-8349,val
Asia-2522,val
Asia-9891,val
Asia-7797,val
Asia-6080,val
Asia-6462,val
Asia-6340,val
Asia-4051,val
Asia-6888,val
Asia-9001,val
Africa-207,val
Americas-1051,val
Americas-1023,val
Asia-871,val
Asia-3361,val
Asia-513,val
Asia-9477,val
Asia-1997,val
Asia-4704,val
Asia-431,val
Asia-9922,val
Asia-7593,val
Asia-3662,val
Asia-9429,val
Europe-117,val
Asia-9502,val
Asia-6171,val
Asia-2832,val
Asia-649,val
Americas-838,val
Oceania-79,val
Africa-499,val
Asia-9112,val
Asia-8198,val
Asia-666,val
Asia-627,val
Asia-288,val
Europe-621,val
Asia-332,val
Europe-581,val
Africa-288,val
Asia-2669,val
Asia-6451,val
Americas-351,val
Asia-1643,val
Asia-8512,val
Asia-6920,val
Asia-2820,val
Asia-10272,val
Asia-9336,val
Asia-5743,val
Asia-6332,val
Asia-2851,val
Asia-6086,val
Asia-8641,val
Asia-7102,val
Africa-257,val
Asia-2001,val
Asia-9673,val
Asia-3087,val
Asia-206,val
Asia-9661,val
Asia-10749,val
Asia-4430,val
Africa-358,val
Asia-2523,val
Asia-6829,val
Asia-6809,val
Africa-402,val
Asia-892,val
Asia-3389,val
Asia-7361,val
Asia-2051,val
Asia-561,val
Americas-461,val
Asia-4526,val
Africa-203,val
Asia-2856,val
Asia-6713,val
Asia-10047,val
Asia-2658,val
Americas-280,val
Asia-10683,val
Asia-4034,val
Asia-9851,val
Americas-223,val
Asia-8435,val
Asia-6029,val
Asia-1703,val
Asia-7381,val
Asia-10705,val
Asia-6305,val
Asia-3688,val
Asia-5183,val
Europe-131,val
Asia-6006,val
Asia-3219,val
Asia-7597,val
Asia-9371,val
Asia-9105,val
Asia-1989,val
Asia-4563,val
Africa-390,val
Americas-254,val
Americas-1075,val
Asia-2177,val
Asia-1632,val
Asia-5605,val
Americas-638,val
Asia-6417,val
Africa-514,val
Asia-5333,val
Africa-565,val
Asia-5858,val
Asia-2394,val
Asia-8486,val
Asia-9931,val
Asia-8018,val
Americas-742,val
Asia-1757,val
Asia-1707,val
Asia-2006,val
Europe-586,val
Asia-1992,val
Asia-10248,val
Americas-203,val
Americas-279,val
Asia-1019,val
Asia-6931,val
Asia-9366,val
Asia-2064,val
Asia-7020,val
Asia-10295,val
Asia-4150,val
Asia-3991,val
Europe-457,val
Asia-1610,val
Asia-1963,val
Asia-7826,val
Asia-5882,val
Asia-776,val
Asia-996,val
Africa-467,val
Asia-8692,val
Asia-5972,val
Asia-6754,val
Europe-65,val
Asia-1001,val
Asia-1121,val
Asia-5648,val
Asia-4438,val
Asia-9729,val
Asia-6664,val
Europe-588,val
Asia-3851,val
Asia-2621,val
Americas-443,val
Asia-139,val
Asia-2691,val
Americas-370,val
Asia-9106,val
Asia-2427,val
Asia-6008,val
Asia-5767,val
Asia-2335,val
Asia-10228,val
Asia-8580,val
Americas-784,val
Americas-558,val
Asia-1117,val
Asia-6247,val
Americas-100,val
Asia-9224,val
Asia-9473,val
Americas-703,val
Asia-7840,val
Asia-3477,val
Asia-1744,val
Asia-10291,val
Asia-9415,val
Oceania-140,val
Oceania-226,val
Asia-7352,val
Asia-6681,val
Africa-100,val
Asia-3717,val
Asia-6701,val
Asia-9719,val
Asia-5083,val
Asia-10325,val
Asia-4319,val
Asia-1898,val
Americas-379,val
Asia-4841,val
Asia-6675,val
Asia-9923,val
Asia-7816,val
Asia-2027,val
Asia-6302,val
Europe-373,val
Asia-1772,val
Asia-101,val
Asia-10074,val
Asia-1382,val
Asia-9909,val
Europe-604,val
Asia-9958,val
Asia-9726,val
Europe-105,val
Asia-4144,val
Europe-332,val
Asia-138,val
Asia-6984,val
Americas-1142,val
Asia-5920,val
Europe-21,val
Asia-768,val
Asia-7688,val
Asia-4860,val
Asia-6209,val
Asia-6839,val
Asia-1089,val
Asia-8733,val
Asia-809,val
Asia-8490,val
Asia-7884,val
Asia-5505,val
Asia-2004,val
Asia-5953,val
Asia-7603,val
Asia-10284,val
Asia-2869,val
Asia-5572,val
Asia-7303,val
Asia-2210,val
Asia-944,val
Asia-3301,val
Asia-2922,val
Asia-10488,val
Asia-3999,val
Asia-2839,val
Asia-2368,val
Asia-8467,val
Asia-7117,val
Europe-277,val
Europe-241,val
Asia-68,val
Asia-10505,val
Asia-1620,val
Asia-10622,val
Asia-6509,val
Asia-6649,val
Asia-4667,val
Americas-107,val
Asia-3212,val
Asia-4752,val
Asia-8985,val
Asia-5205,val
Asia-4986,val
Asia-8385,val
Americas-977,val
Asia-1467,val
Africa-90,val
Asia-6563,val
Asia-6973,val
Asia-1941,val
Asia-6951,val
Asia-5587,val
Africa-345,val
Asia-9379,val
Asia-771,val
Asia-3422,val
Asia-7882,val
Asia-5795,val
Americas-99,val
Asia-3647,val
Americas-16,val
Asia-2879,val
Asia-9422,val
Africa-21,val
Asia-8602,val
Asia-345,val
Africa-92,val
Asia-1780,val
Africa-571,val
Oceania-64,val
Americas-1068,val
Asia-5535,val
Asia-1292,val
Asia-8482,val
Asia-10660,val
Americas-727,val_calib
Americas-793,val_calib
Asia-8026,val_calib
Asia-7726,val_calib
Asia-7876,val_calib
Asia-3480,val_calib
Asia-1375,val_calib
Asia-3296,val_calib
Asia-7682,val_calib
Asia-10154,val_calib
Asia-6547,val_calib
Asia-4009,val_calib
Americas-878,val_calib
Asia-367,val_calib
Asia-82,val_calib
Asia-6329,val_calib
Asia-8007,val_calib
Asia-2039,val_calib
Asia-7224,val_calib
Asia-799,val_calib
Asia-274,val_calib
Asia-3163,val_calib
Asia-3640,val_calib
Asia-8612,val_calib
Asia-8682,val_calib
Asia-664,val_calib
Europe-377,val_calib
Asia-8086,val_calib
Asia-10702,val_calib
Asia-4649,val_calib
Asia-372,val_calib
Asia-4997,val_calib
Asia-6617,val_calib
Americas-300,val_calib
Americas-1029,val_calib
Asia-10810,val_calib
Asia-2339,val_calib
Europe-168,val_calib
Africa-80,val_calib
Asia-2757,val_calib
Europe-17,val_calib
Asia-1141,val_calib
Americas-625,val_calib
Americas-749,val_calib
Asia-9309,val_calib
Asia-8502,val_calib
Asia-10458,val_calib
Asia-1135,val_calib
Africa-88,val_calib
Asia-4490,val_calib
Asia-5201,val_calib
Asia-8764,val_calib
Asia-8082,val_calib
Asia-7937,val_calib
Asia-5495,val_calib
Asia-1925,val_calib
Americas-680,val_calib
Asia-8290,val_calib
Asia-3443,val_calib
Asia-10409,val_calib
Asia-9563,val_calib
Asia-5484,val_calib
Asia-10644,val_calib
Asia-9717,val_calib
Asia-7245,val_calib
Americas-1104,val_calib
Asia-1360,val_calib
Asia-6932,val_calib
Asia-2087,val_calib
Asia-1493,val_calib
Europe-261,val_calib
Asia-9828,val_calib
Asia-8409,val_calib
Asia-1930,val_calib
Asia-6952,val_calib
Asia-2709,val_calib
Americas-588,val_calib
Asia-4414,val_calib
Asia-2976,val_calib
Asia-3696,val_calib
Asia-2544,val_calib
Americas-242,val_calib
Asia-10774,val_calib
Asia-7242,val_calib
Asia-738,val_calib
Asia-10184,val_calib
Americas-566,val_calib
Asia-6257,val_calib
Africa-137,val_calib
Asia-4940,val_calib
Asia-1666,val_calib
Europe-571,val_calib
Asia-1678,val_calib
Asia-5208,val_calib
Europe-155,val_calib
Asia-1256,val_calib
Asia-2145,val_calib
Asia-5585,val_calib
Asia-326,val_calib
Americas-592,val_calib
Europe-198,val_calib
Asia-203,val_calib
Asia-3637,val_calib
Africa-389,val_calib
Oceania-1,val_calib
Asia-1229,val_calib
Africa-567,val_calib
Asia-1655,val_calib
Asia-8369,val_calib
Asia-7928,val_calib
Asia-9275,val_calib
Asia-4524,val_calib
Asia-17,val_calib
Asia-7775,val_calib
Asia-7016,val_calib
Asia-2468,val_calib
Asia-5002,val_calib
Asia-3816,val_calib
Asia-586,val_calib
Americas-126,val_calib
Asia-10372,val_calib
Asia-10669,val_calib
Asia-9543,val_calib
Africa-577,val_calib
Asia-9666,val_calib
Asia-9325,val_calib
Asia-10823,val_calib
Asia-6661,val_calib
Asia-4673,val_calib
Asia-974,val_calib
Asia-3465,val_calib
Asia-3099,val_calib
Asia-9501,val_calib
Europe-626,val_calib
Asia-9618,val_calib
Americas-1065,val_calib
Africa-84,val_calib
Asia-5707,val_calib
Asia-6659,val_calib
Asia-5912,val_calib
Asia-4392,val_calib
Asia-539,val_calib
Asia-10817,val_calib
Americas-848,val_calib
Asia-7671,val_calib
Asia-2290,val_calib
Asia-5880,val_calib
Asia-1153,val_calib
Asia-10785,val_calib
Asia-571,val_calib
Asia-424,val_calib
Asia-7233,val_calib
Asia-10427,val_calib
Asia-1543,val_calib
Americas-222,val_calib
Asia-4179,val_calib
Asia-7642,val_calib
Asia-4084,val_calib
Oceania-128,val_calib
Africa-516,val_calib
Asia-7327,val_calib
Asia-8930,val_calib
Asia-1613,val_calib
Asia-6286,val_calib
Asia-5548,val_calib
Asia-7413,val_calib
Europe-140,val_calib
Asia-2829,val_calib
Asia-3538,val_calib
Asia-646,val_calib
Asia-2386,val_calib
Asia-4241,val_calib
Asia-2298,val_calib
Asia-4018,val_calib
Asia-691,val_calib
Asia-8642,val_calib
Asia-8998,val_calib
Asia-3859,val_calib
Americas-763,val_calib
Asia-687,val_calib
Asia-4717,val_calib
Asia-10492,val_calib
Asia-2784,val_calib
Asia-2907,val_calib
Americas-1060,val_calib
Asia-8085,val_calib
Asia-8442,val_calib
Asia-9191,val_calib
Asia-3145,val_calib
Asia-7437,val_calib
Asia-3015,val_calib
Africa-450,val_calib
Asia-9407,val_calib
Asia-9510,val_calib
Asia-10773,val_calib
Asia-5379,val_calib
Asia-858,val_calib
Asia-5341,val_calib
Americas-543,val_calib
Asia-80,val_calib
Asia-10297,val_calib
Asia-753,val_calib
Asia-8657,val_calib
Asia-9025,val_calib
Asia-8768,val_calib
Asia-270,val_calib
Asia-5866,val_calib
Asia-7488,val_calib
Europe-207,val_calib
Asia-7571,val_calib
Asia-21,val_calib
Asia-7997,val_calib
Asia-1160,val_calib
Americas-891,val_calib
Asia-8584,val_calib
Asia-529,val_calib
Asia-6303,val_calib
Africa-318,val_calib
Asia-4324,val_calib
Americas-3,val_calib
Africa-97,val_calib
Asia-8235,val_calib
Africa-617,val_calib
Asia-5549,val_calib
Asia-8204,val_calib
Africa-610,val_calib
Asia-9460,val_calib
Asia-6403,val_calib
Asia-5806,val_calib
Asia-6300,val_calib
Americas-1134,val_calib
Asia-3053,val_calib
Asia-8541,val_calib
Asia-6280,val_calib
Africa-2,val_calib
Asia-9243,val_calib
Americas-25,val_calib
Asia-2025,val_calib
Asia-756,val_calib
Asia-5442,val_calib
Asia-9069,val_calib
Asia-3971,val_calib
Europe-188,val_calib
Asia-8715,val_calib
Asia-9767,val_calib
Asia-5132,val_calib
Europe-199,val_calib
Asia-7654,val_calib
Asia-360,val_calib
Americas-830,val_calib
Asia-6296,val_calib
Asia-3002,val_calib
Americas-842,val_calib
Asia-9604,val_calib
Asia-7125,val_calib
Europe-562,val_calib
Africa-359,val_calib
Asia-8183,val_calib
Asia-8819,val_calib
Asia-10002,val_calib
Asia-5666,val_calib
Asia-7248,val_calib
Asia-2623,val_calib
Americas-119,val_calib
Asia-7223,val_calib
Asia-1895,val_calib
Asia-8743,val_calib
Asia-9132,val_calib
Asia-8536,val_calib
Asia-6807,val_calib
Asia-28,val_calib
Asia-4619,val_calib
Europe-417,val_calib
Asia-10738,val_calib
Asia-9166,val_calib
Asia-2974,val_calib
Africa-166,val_calib
Asia-6210,val_calib
Africa-256,val_calib
Asia-699,val_calib
Asia-9608,val_calib
Asia-7675,val_calib
Africa-138,val_calib
Asia-7138,val_calib
Asia-7024,val_calib
Europe-2,val_calib
Asia-4999,val_calib
Asia-7905,val_calib
Asia-2759,val_calib
Asia-1658,val_calib
Asia-8852,val_calib
Asia-1573,val_calib
Africa-183,val_calib
Africa-368,val_calib
Asia-245,val_calib
Asia-5544,val_calib
Asia-7018,val_calib
Asia-7476,val_calib
Asia-10246,val_calib
Asia-1737,val_calib
Asia-7696,val_calib
Asia-3056,val_calib
Oceania-207,val_calib
Europe-601,val_calib
Asia-1441,val_calib
Asia-7856,val_calib
Asia-84,val_calib
Asia-6959,val_calib
Americas-332,val_calib
Asia-7619,val_calib
Asia-9376,val_calib
Asia-8920,val_calib
Africa-23,val_calib
Asia-10340,val_calib
Asia-2790,val_calib
Oceania-168,val_calib
Asia-6378,val_calib
Asia-6797,val_calib
Asia-9352,val_calib
Asia-7835,val_calib
Asia-3892,val_calib
Asia-8277,val_calib
Asia-1355,val_calib
Asia-8316,val_calib
Africa-18,val_calib
Asia-8873,val_calib
Asia-9913,val_calib
Asia-75,val_calib
Asia-8285,val_calib
Asia-6485,val_calib
Asia-127,val_calib
Asia-1416,val_calib
Oceania-142,val_calib
Asia-3808,val_calib
Asia-182,val_calib
Asia-6779,val_calib
Asia-5203,val_calib
Asia-6440,val_calib
Africa-377,val_calib
Asia-8363,val_calib
Europe-534,val_calib
Asia-8377,val_calib
Asia-10180,val_calib
Asia-3455,val_calib
Asia-663,val_calib
Asia-7098,val_calib
Asia-10499,val_calib
Asia-9103,val_calib
Asia-5187,val_calib
Americas-1031,val_calib
Europe-206,val_calib
Americas-66,val_calib
Africa-522,val_calib
Asia-942,val_calib
Asia-7060,val_calib
Asia-849,val_calib
Asia-5979,val_calib
Asia-4239,val_calib
Asia-3600,val_calib
Asia-9623,val_calib
Europe-443,val_calib
Asia-1491,val_calib
Africa-296,val_calib
Asia-1961,val_calib
Asia-7970,val_calib
Asia-2575,val_calib
Americas-438,val_calib
Asia-8152,val_calib
Oceania-196,val_calib
Asia-4329,val_calib
Asia-3603,val_calib
Asia-7567,val_calib
Asia-2507,val_calib
Asia-3247,val_calib
Asia-7821,val_calib
Asia-6037,val_calib
Asia-9572,val_calib
Asia-3042,val_calib
Asia-2344,val_calib
Americas-683,val_calib
Asia-4262,val_calib
Europe-192,val_calib
Asia-5983,val_calib
Asia-8160,val_calib
Asia-1376,val_calib
Asia-718,val_calib
Asia-3966,val_calib
Asia-7103,val_calib
Asia-3872,val_calib
Asia-899,val_calib
Asia-467,val_calib
Asia-9560,val_calib
Asia-169,val_calib
Americas-235,val_calib
Asia-3184,val_calib
Asia-5224,val_calib
Asia-6014,val_calib
Europe-583,val_calib
Asia-1174,val_calib
Asia-825,val_calib
Asia-6762,val_calib
Asia-4596,val_calib
Asia-7712,val_calib
Oceania-38,val_calib
Asia-4206,val_calib
Asia-6852,val_calib
Americas-1137,val_calib
Asia-3641,val_calib
Europe-620,val_calib
Asia-5532,val_calib
Asia-7373,val_calib
Asia-4405,val_calib
Asia-6598,val_calib
Asia-7288,val_calib
Asia-1302,val_calib
Asia-10159,val_calib
Europe-490,val_calib
Americas-1083,val_calib
Asia-4906,val_calib
Asia-7397,val_calib
Asia-199,val_calib
Asia-4135,val_calib
Asia-5893,val_calib
Asia-6677,val_calib
Asia-4716,val_calib
Asia-4580,val_calib
Asia-3012,val_calib
Asia-9492,val_calib
Asia-4352,val_calib
Asia-4305,val_calib
Asia-5773,val_calib
Oceania-28,val_calib
Asia-4731,val_calib
Asia-1379,val_calib
Asia-4365,val_calib
Asia-42,val_calib
Asia-4271,val_calib
Americas-436,val_calib
Asia-7736,val_calib
Asia-8929,val_calib
Asia-10064,val_calib
Asia-7666,val_calib
Asia-135,val_calib
Asia-8055,val_calib
Asia-6226,val_calib
Asia-868,val_calib
Asia-2149,val_calib
Asia-3320,val_calib
Asia-10191,val_calib
Americas-449,val_calib
Asia-9935,val_calib
Asia-9119,val_calib
Asia-7388,val_calib
Asia-7755,val_calib
Asia-660,val_calib
Asia-6724,val_calib
Asia-9730,val_calib
Asia-6765,val_calib
Asia-3769,val_calib
Oceania-8,val_calib
Europe-463,val_calib
Asia-6089,val_calib
Americas-397,val_calib
Asia-6533,val_calib
Asia-834,val_calib
Americas-435,val_calib
Europe-81,val_calib
Asia-8649,val_calib
Asia-7711,val_calib
Asia-2857,val_calib
Asia-2069,val_calib
Americas-339,val_calib
Americas-294,val_calib
Asia-4729,val_calib
Asia-1400,val_calib
Asia-8668,val_calib
Asia-5918,val_calib
Asia-7490,val_calib
Asia-192,val_calib
Asia-6663,val_calib
Asia-6608,val_calib
Asia-872,val_calib
Asia-7550,val_calib
Asia-6825,val_calib
Asia-4874,val_calib
Asia-2008,val_calib
Asia-5503,val_calib
Asia-5895,val_calib
Asia-6038,val_calib
Asia-1466,val_calib
Americas-500,val_calib
Asia-5728,val_calib
Asia-690,val_calib
Asia-3316,val_calib
Asia-6028,val_calib
Asia-1605,val_calib
Asia-6740,val_calib
Asia-980,val_calib
Europe-202,val_calib
Asia-3559,val_calib
Asia-6081,val_calib
Asia-3111,val_calib
Asia-7105,val_calib
Asia-10730,val_calib
Asia-10032,val_calib
Asia-5346,val_calib
Asia-4676,val_calib
Europe-333,val_calib
Asia-2215,val_calib
Asia-3010,val_calib
Asia-8969,val_calib
Asia-6365,val_calib
Asia-2014,val_calib
Asia-6882,val_calib
Africa-247,val_calib
Americas-725,val_calib
Asia-4297,val_calib
Americas-1021,val_calib
Asia-4249,val_calib
Africa-449,val_calib
Africa-284,val_calib
Asia-9533,val_calib
Asia-234,val_calib
Asia-7297,val_calib
Americas-67,val_calib
Oceania-171,val_calib
Asia-14,val_calib
Asia-4936,val_calib
Asia-1742,val_calib
Asia-5679,val_calib
Asia-5710,val_calib
Asia-8335,val_calib
Asia-4357,val_calib
Asia-3614,val_calib
Asia-2489,val_calib
Asia-2199,val_calib
Asia-1860,val_calib
Asia-4836,val_calib
Asia-9688,val_calib
Americas-648,val_calib
Asia-8251,val_calib
Asia-5061,val_calib
Asia-864,val_calib
Asia-10782,val_calib
Europe-297,val_calib
Asia-4320,val_calib
Asia-5276,val_calib
Asia-6336,val_calib
Asia-4965,val_calib
Asia-5529,val_calib
Asia-461,val_calib
Asia-6613,val_calib
Asia-967,val_calib
Asia-8179,val_calib
Americas-508,val_calib
Asia-149,val_calib
Asia-8722,val_calib
Asia-4028,val_calib
Africa-447,val_calib
Asia-10845,val_calib
Asia-3074,val_calib
Asia-10289,val_calib
Asia-195,val_calib
Americas-989,val_calib
Asia-4363,val_calib
Asia-4774,val_calib
Asia-4081,val_calib
Asia-10541,val_calib
Africa-393,val_calib
Asia-10543,val_calib
Asia-10428,val_calib
Asia-4512,val_calib
Asia-5997,val_calib
Asia-4884,val_calib
Asia-7300,val_calib
Asia-7409,val_calib
Asia-5184,val_calib
Asia-4341,val_calib
Asia-2072,val_calib
Africa-210,val_calib
Asia-8738,val_calib
Asia-9764,val_calib
Asia-6491,val_calib
Asia-8808,val_calib
Asia-985,val_calib
Asia-924,val_calib
Asia-4666,val_calib
Asia-9771,val_calib
Americas-127,val_calib
Asia-672,val_calib
Asia-2020,val_calib
Asia-1056,val_calib
Europe-101,val_calib
Asia-7761,val_calib
Asia-10535,val_calib
Asia-3029,val_calib
Asia-8196,val_calib
Oceania-3,val_calib
Asia-2768,val_calib
Americas-774,val_calib
Asia-10668,val_calib
Asia-9682,val_calib
Europe-531,val_calib
Asia-7393,val_calib
Europe-535,val_calib
Africa-184,val_calib
Asia-6526,val_calib
Asia-3149,val_calib
Asia-5296,val_calib
Asia-8441,val_calib
Americas-603,val_calib
Asia-10528,val_calib
Asia-3810,val_calib
Asia-4548,val_calib
Asia-7971,val_calib
Asia-7338,val_calib
Asia-2264,val_calib
Asia-1105,val_calib
Asia-8321,val_calib
Asia-8610,val_calib
Asia-175,val_calib
Asia-3569,val_calib
Asia-9331,val_calib
Asia-9924,val_calib
Asia-173,val_calib
Asia-10041,val_calib
Asia-708,val_calib
Americas-873,val_calib
Asia-5971,val_calib
Oceania-99,val_calib
Americas-313,val_calib
Asia-2188,val_calib
Asia-8226,val_calib
Asia-4242,val_calib
Asia-10058,val_calib
Americas-189,val_calib
Asia-4080,val_calib
Europe-80,val_calib
Asia-230,val_calib
Asia-4586,val_calib
Asia-6733,val_calib
Asia-6630,val_calib
Americas-1100,val_calib
Asia-7752,val_calib
Asia-4830,val_calib
Asia-8231,val_calib
Asia-46,val_calib
Americas-532,val_calib
Americas-263,val_calib
Asia-8545,val_calib
Asia-8006,val_calib
Europe-23,val_calib
Asia-8552,val_calib
Asia-4988,val_calib
Americas-296,val_calib
Asia-9772,val_calib
Asia-9681,val_calib
Oceania-164,val_calib
Asia-2638,val_calib
Asia-10247,val_calib
Americas-1170,val_calib
Asia-6559,val_calib
Asia-5950,val_calib
Asia-2296,val_calib
Asia-8988,val_calib
Asia-6620,val_calib
Asia-10701,val_calib
Africa-316,val_calib
Europe-1,val_calib
Asia-8893,val_calib
Asia-4259,val_calib
Asia-5467,val_calib
Asia-9244,val_calib
Asia-1175,val_calib
Europe-409,val_calib
Americas-541,val_calib
Asia-5832,val_calib
Asia-4945,val_calib
Americas-1022,val_calib
Asia-8924,val_calib
Americas-356,val_calib
Asia-7592,val_calib
Oceania-70,val_calib
Europe-375,val_calib
Asia-8607,val_calib
Asia-4700,val_calib
Europe-312,val_calib
Europe-273,val_calib
Asia-6099,val_calib
Asia-4083,val_calib
Asia-2395,val_calib
Asia-3726,val_calib
Americas-776,val_calib
Americas-269,val_calib
Asia-10570,val_calib
Asia-2402,val_calib
Asia-7168,val_calib
Europe-255,val_calib
Asia-4306,val_calib
Asia-8970,val_calib
Asia-8778,val_calib
Asia-442,val_calib
Asia-8537,val_calib
Oceania-199,val_calib
Asia-7049,val_calib
Europe-14,val_calib
Asia-4041,val_calib
Asia-6290,val_calib
Asia-8229,val_calib
Africa-592,val_calib
Americas-1098,val_calib
Asia-6035,val_calib
Asia-10665,val_calib
Asia-1523,val_calib
Asia-436,val_calib
Asia-8329,val_calib
Asia-4838,val_calib
Asia-665,val_calib
Asia-10625,val_calib
Asia-5199,val_calib
Americas-137,val_calib
Asia-6327,val_calib
Asia-1354,val_calib
Americas-1146,val_calib
Asia-6024,val_calib
Asia-772,val_calib
Asia-9089,val_calib
Asia-4671,val_calib
Asia-9839,val_calib
Asia-449,val_calib
Asia-5470,val_calib
Asia-4655,val_calib
Asia-1724,val_calib
Asia-1131,val_calib
Asia-4746,val_calib
Asia-4769,val_calib
Americas-587,val_calib
Asia-6314,val_calib
Americas-575,val_calib
Asia-2143,val_calib
Asia-8194,val_calib
Americas-694,val_calib
Asia-1279,val_calib
Americas-806,val_calib
Oceania-230,val_calib
Asia-3440,val_calib
Americas-145,val_calib
Asia-6153,val_calib
Americas-564,val_calib
Asia-10296,val_calib
Asia-6252,val_calib
Asia-318,val_calib
Asia-10309,val_calib
Oceania-93,val_calib
Asia-5145,val_calib
Asia-2423,val_calib
Asia-2294,val_calib
Asia-9369,val_calib
Asia-3067,val_calib
Americas-39,val_calib
Asia-4264,val_calib
Asia-549,val_calib
Asia-7484,val_calib
Africa-322,val_calib
Asia-6003,val_calib
Asia-5405,val_calib
Asia-903,val_calib
Asia-2460,val_calib
Europe-70,val_calib
Americas-246,val_calib
Asia-3719,val_calib
Asia-12,val_calib
Asia-5190,val_calib
Asia-8593,val_calib
Asia-6632,val_calib
Asia-7385,val_calib
Europe-46,val_calib
Americas-1110,val_calib
Asia-1673,val_calib
Asia-9876,val_calib
Africa-419,val_calib
Asia-7665,val_calib
Asia-3426,val_calib
Asia-3286,val_calib
Asia-8740,val_calib
Asia-3792,val_calib
Asia-7309,val_calib
Asia-6936,val_calib
Asia-7197,val_calib
Asia-3771,val_calib
Asia-6634,val_calib
Americas-365,val_calib
Asia-5511,val_calib
Asia-311,val_calib
Asia-5377,val_calib
Oceania-247,val_calib
Asia-1325,val_calib
Asia-8713,val_calib
Asia-8624,val_calib
Asia-3839,val_calib
Asia-9329,val_calib
Asia-5970,val_calib
Asia-10230,val_calib
Asia-5609,val_calib
Asia-298,val_calib
Asia-3912,val_calib
Asia-153,val_calib
Africa-309,val_calib
Asia-8975,val_calib
Africa-16,val_calib
Asia-10493,val_calib
Asia-5173,val_calib
Asia-8330,val_calib
Asia-9141,val_calib
Asia-3897,val_calib
Americas-427,val_calib
Asia-8439,val_calib
Asia-2735,val_calib
Africa-386,val_calib
Asia-2097,val_calib
Americas-505,val_calib
Asia-5317,val_calib
Asia-6320,val_calib
Americas-98,val_calib
Asia-5339,val_calib
Asia-1650,val_calib
Asia-7563,val_calib
Americas-31,val_calib
Asia-5562,val_calib
Asia-5250,val_calib
Asia-1872,val_calib
Americas-450,val_calib
Asia-4680,val_calib
Asia-9350,val_calib
Americas-388,val_calib
Asia-8901,val_calib
Asia-4220,val_calib
Asia-7210,val_calib
Asia-2074,val_calib
Americas-877,val_calib
Asia-7301,val_calib
Asia-8203,val_calib
Oceania-77,val_calib
Asia-5477,val_calib
Africa-599,val_calib
Asia-8016,val_calib
Oceania-92,val_calib
Asia-4089,val_calib
Americas-1120,val_calib
Africa-270,val_calib
Asia-9475,val_calib
Asia-5693,val_calib
Asia-7610,val_calib
Asia-5579,val_calib
Asia-589,val_calib
Asia-74,val_calib
Africa-292,val_calib
Asia-2953,val_calib
Asia-2995,val_calib
Asia-2853,val_calib
Asia-986,val_calib
Asia-8357,val_calib
Asia-4432,val_calib
Asia-5704,val_calib
Asia-254,val_calib
Asia-10838,val_calib
Asia-4472,val_calib
Asia-9834,val_calib
Asia-7335,val_calib
Europe-6,val_calib
Asia-2843,val_calib
Asia-7600,val_calib
Asia-8843,val_calib
Asia-2220,val_calib
Asia-9577,val_calib
Asia-2050,val_calib
Americas-663,val_calib
Asia-824,val_calib
Asia-588,val_calib
Europe-549,val_calib
Asia-8447,val_calib
Americas-1136,val_calib
Asia-10266,val_calib
Asia-9387,val_calib
Asia-3712,val_calib
Europe-386,val_calib
Asia-10302,val_calib
Europe-268,val_calib
Asia-492,val_calib
Asia-7227,val_calib
Asia-3900,val_calib
Europe-612,val_calib
Asia-4799,val_calib
Asia-338,val_calib
Asia-10747,val_calib
Asia-9264,val_calib
Asia-6850,val_calib
Europe-474,val_calib
Asia-1554,val_calib
Asia-9856,val_calib
Asia-8865,val_calib
Asia-2071,val_calib
Asia-1155,val_calib
Americas-478,val_calib
Americas-572,val_calib
Asia-10433,val_calib
Asia-9104,val_calib
Asia-3019,val_calib
Asia-9303,val_calib
Africa-436,val_calib
Asia-6249,val_calib
Asia-6064,val_calib
Asia-6969,val_calib
Asia-4843,val_calib
Europe-125,val_calib
Asia-495,val_calib
Asia-8261,val_calib
Asia-6815,val_calib
Americas-702,val_calib
Asia-5670,val_calib
Asia-1813,val_calib
Asia-5669,val_calib
Asia-3084,val_calib
Asia-508,val_calib
Asia-9524,val_calib
Asia-10211,val_calib
Asia-6536,val_calib
Asia-5862,val_calib
Asia-9474,val_calib
Asia-5440,val_calib
Asia-7990,val_calib
Asia-8689,val_calib
Asia-7290,val_calib
Asia-2708,val_calib
Asia-7764,val_calib
Asia-6773,val_calib
Asia-9576,val_calib
Asia-3760,val_calib
Americas-915,val_calib
Asia-2036,val_calib
Asia-190,val_calib
Asia-7447,val_calib
Asia-4286,val_calib
Asia-5867,val_calib
Asia-600,val_calib
Asia-7439,val_calib
Asia-251,val_calib
Asia-7747,val_calib
Americas-243,val_calib
Asia-4043,val_calib
Asia-680,val_calib
Africa-326,val_calib
Europe-309,val_calib
Asia-6817,val_calib
Europe-242,val_calib
Asia-8827,val_calib
Asia-9445,val_calib
Africa-120,val_calib
Asia-1014,val_calib
Asia-8009,val_calib
Asia-712,val_calib
Americas-396,val_calib
Asia-5415,val_calib
Asia-7480,val_calib
Asia-8940,val_calib
Asia-2202,val_calib
Europe-74,val_calib
Asia-10727,val_calib
Asia-2771,val_calib
Asia-6039,val_calib
Asia-5908,val_calib
Africa-550,val_calib
Africa-325,val_calib
Africa-112,val_calib
Americas-653,val_calib
Asia-5677,val_calib
Asia-7175,val_calib
Asia-1668,val_calib
Asia-2150,val_calib
Asia-2137,val_calib
Africa-366,val_calib
Americas-928,val_calib
Asia-10379,val_calib
Asia-6288,val_calib
Asia-1110,val_calib
Asia-1885,val_calib
Asia-8219,val_calib
Asia-5993,val_calib
Africa-490,val_calib
Asia-9800,val_calib
Americas-673,val_calib
Asia-7524,val_calib
Asia-1566,val_calib
Asia-8977,val_calib
Americas-96,val_calib
Asia-5943,val_calib
Americas-1185,val_calib
Asia-8631,val_calib
Asia-6103,val_calib
Asia-9629,val_calib
Africa-549,val_calib
Asia-10802,val_calib
Asia-1597,val_calib
Asia-6315,val_calib
Asia-7587,val_calib
Africa-401,val_calib
Asia-2305,val_calib
Americas-1045,val_calib
Asia-3871,val_calib
Asia-4143,val_calib
Asia-8280,val_calib
Asia-9718,val_calib
Americas-1049,val_calib
Asia-9339,val_calib
Asia-10417,val_calib
Asia-8147,val_calib
Asia-3898,val_calib
Asia-8718,val_calib
Asia-10484,val_calib
Asia-6022,val_calib
Asia-8372,val_calib
Asia-5836,val_calib
Asia-2431,val_calib
Asia-2471,val_calib
Asia-4067,val_calib
Asia-301,val_calib
Asia-1194,val_calib
Asia-1555,val_calib
Asia-6688,val_calib
Asia-4826,val_calib
Asia-8077,val_calib
Asia-2574,val_calib
Asia-1929,val_calib
Asia-5792,val_calib
Asia-7251,val_calib
Asia-7207,val_calib
Africa-126,val_calib
Asia-2703,val_calib
Asia-951,val_calib
Asia-3047,val_calib
Europe-100,val_calib
Asia-9934,val_calib
Americas-477,val_calib
Oceania-37,val_calib
Asia-10603,val_calib
Americas-1053,val_calib
Asia-4467,val_calib
Asia-2680,val_calib
Asia-4663,val_calib
Asia-3975,val_calib
Asia-5634,val_calib
Europe-295,val_calib
Asia-9698,val_calib
Asia-2180,val_calib
Asia-7670,val_calib
Asia-528,val_calib
Asia-2472,val_calib
Asia-9134,val_calib
Americas-1077,val_calib
Asia-4399,val_calib
Asia-10085,val_calib
Asia-1855,val_calib
Asia-6739,val_calib
Asia-4790,val_calib
Asia-10369,val_calib
Africa-19,val_calib
Asia-6813,val_calib
Asia-6722,val_calib
Americas-970,val_calib
Asia-7784,val_calib
Americas-186,val_calib
Asia-2550,val_calib
Asia-8176,val_calib
Asia-2077,val_calib
Asia-10448,val_calib
Asia-6243,val_calib
Oceania-74,val_calib
Americas-1113,val_calib
Asia-10080,val_calib
Asia-7509,val_calib
Europe-526,val_calib
Asia-9792,val_calib
Asia-3225,val_calib
Asia-6524,val_calib
Asia-8030,val_calib
Africa-306,val_calib
Asia-9116,val_calib
Americas-1070,val_calib
Oceania-54,val_calib
Asia-5789,val_calib
Asia-8446,val_calib
Asia-2243,val_calib
Asia-8438,val_calib
Asia-314,val_calib
Asia-1162,val_calib
Asia-7705,val_calib
Asia-4060,val_calib
Asia-6056,val_calib
Oceania-78,val_calib
Asia-2645,val_calib
Asia-8776,val_calib
Asia-9060,val_calib
Asia-4822,val_calib
Europe-619,val_calib
Asia-2044,val_calib
Asia-7465,val_calib
Asia-2403,val_calib
Asia-4875,val_calib
Asia-8475,val_calib
Asia-1482,val_calib
Africa-152,val_calib
Oceania-104,val_calib
Americas-745,val_calib
Asia-4418,val_calib
Asia-5884,val_calib
Africa-396,val_calib
Asia-2414,val_calib
Asia-2212,val_calib
Asia-1876,val_calib
Asia-3993,val_calib
Asia-7358,val_calib
Asia-9963,val_calib
Asia-5871,val_calib
Asia-9499,val_calib
Asia-8393,val_calib
Asia-7758,val_calib
Europe-467,val_calib
Asia-4783,val_calib
Asia-2760,val_calib
Asia-8897,val_calib
Asia-1339,val_calib
Asia-4361,val_calib
Americas-820,val_calib
Americas-843,val_calib
Asia-2230,val_calib
Asia-2766,val_calib
Asia-4406,val_calib
Asia-3338,val_calib
Asia-7944,val_calib
Asia-9182,val_calib
Asia-2582,val_calib
Asia-7699,val_calib
Americas-639,val_calib
Asia-2699,val_calib
Asia-3531,val_calib
Asia-2191,val_calib
Asia-3813,val_calib
Europe-315,val_calib
Europe-231,val_calib
Asia-3414,val_calib
Asia-4779,val_calib
Asia-4662,val_calib
Asia-9631,val_calib
Asia-1657,val_calib
Asia-1097,val_calib
Asia-50,val_calib
Asia-7831,val_calib
Asia-8071,val_calib
Asia-785,val_calib
Asia-7306,val_calib
Asia-7310,val_calib
Europe-392,val_calib
Asia-8350,val_calib
Asia-2420,val_calib
Asia-10532,val_calib
Oceania-91,val_calib
Oceania-136,val_calib
Asia-1031,val_calib
Asia-7217,val_calib
Asia-3478,val_calib
Asia-2404,val_calib
Asia-4798,val_calib
Asia-9488,val_calib
Asia-193,val_calib
Asia-5583,val_calib
Europe-376,val_calib
Asia-9020,val_calib
Asia-3665,val_calib
Americas-609,val_calib
Asia-1957,val_calib
Americas-1099,val_calib
Asia-3626,val_calib
Asia-284,val_calib
Asia-3006,val_calib
Asia-2949,val_calib
Asia-10402,val_calib
Asia-7458,val_calib
Asia-3841,val_calib
Asia-5552,val_calib
Americas-204,val_calib
Americas-924,val_calib
Asia-9107,val_calib
Asia-3747,val_calib
Asia-4723,val_calib
Asia-4795,val_calib
Asia-3840,val_calib
Asia-9979,val_calib
Asia-2543,val_calib
Asia-8099,val_calib
Asia-1226,val_calib
Asia-491,val_calib
Asia-7341,val_calib
Asia-7528,val_calib
Asia-7479,val_calib
Asia-9508,val_calib
Asia-9468,val_calib
Asia-2727,val_calib
Asia-9077,val_calib
Asia-9441,val_calib
Asia-643,val_calib
Asia-10772,val_calib
Asia-5278,val_calib
Asia-7635,val_calib
Asia-3913,val_calib
Asia-1935,val_calib
Asia-6452,val_calib
Asia-5999,val_calib
Asia-811,val_calib
Asia-6834,val_calib
Asia-4428,val_calib
Americas-1130,val_calib
Asia-4739,val_calib
Asia-5540,val_calib
Asia-9064,val_calib
Asia-2012,val_calib
Europe-465,val_calib
Asia-7919,val_calib
Asia-2359,val_calib
Asia-156,val_calib
Asia-9954,val_calib
Asia-3985,val_calib
Americas-344,val_calib
Asia-1824,val_calib
Asia-8671,val_calib
Asia-159,val_calib
Asia-4708,val_calib
Asia-8368,val_calib
Asia-10743,val_calib
Asia-6112,val_calib
Asia-10512,val_calib
Asia-945,val_calib
Asia-2441,val_calib
Asia-4796,val_calib
Oceania-203,val_calib
Asia-7065,val_calib
Asia-7838,val_calib
Asia-8109,val_calib
Asia-2380,val_calib
Asia-8694,val_calib
Asia-3138,val_calib
Asia-4325,val_calib
Oceania-139,val_calib
Asia-10366,val_calib
Europe-72,val_calib
Asia-4498,val_calib
Asia-8426,val_calib
Asia-4814,val_calib
Asia-4741,val_calib
Asia-2262,val_calib
Asia-10470,val_calib
Asia-720,val_calib
Americas-311,val_calib
Asia-2379,val_calib
Asia-7463,val_calib
Asia-946,val_calib
Asia-6633,val_calib
Asia-1440,val_calib
Asia-8072,val_calib
Asia-7398,val_calib
Asia-7271,val_calib
Asia-3152,val_calib
Africa-331,val_calib
Asia-5311,val_calib
Asia-3905,val_calib
Asia-2249,val_calib
Americas-148,val_calib
Asia-10175,val_calib
Americas-18,val_calib
Asia-10341,val_calib
Asia-1583,val_calib
Oceania-49,val_calib
Europe-182,val_calib
Americas-408,val_calib
Europe-158,val_calib
Asia-6502,val_calib
Asia-9894,val_calib
Asia-7626,val_calib
Oceania-202,val_calib
Asia-2285,val_calib
Asia-7772,val_calib
Asia-6373,val_calib
Asia-9066,val_calib
Europe-201,val_calib
Asia-8812,val_calib
Asia-5102,val_calib
Asia-9353,val_calib
Asia-4532,val_calib
Asia-10250,val_calib
Asia-7076,val_calib
Asia-8436,val_calib
Asia-10717,val_calib
Asia-4073,val_calib
Asia-4983,val_calib
Asia-6051,val_calib
Africa-267,val_calib
Asia-4244,val_calib
Asia-3236,val_calib
Asia-6351,val_calib
Asia-144,val_calib
Asia-3453,val_calib
Asia-6683,val_calib
Asia-2277,val_calib
Americas-227,val_calib
Europe-160,val_calib
Asia-5053,val_calib
Americas-1055,val_calib
Americas-704,val_calib
Asia-5389,val_calib
Asia-4126,val_calib
Asia-9651,val_calib
Asia-10609,val_calib
Asia-8239,val_calib
Asia-2476,val_calib
Asia-6432,val_calib
Asia-10110,val_calib
Asia-5432,val_calib
Asia-7240,val_calib
Asia-3021,val_calib
Asia-1541,val_calib
Asia-7141,val_calib
Asia-5828,val_calib
Asia-1273,val_calib
Asia-8965,val_calib
Asia-5940,val_calib
Asia-3505,val_calib
Asia-935,val_calib
Asia-5659,val_calib
Asia-5813,val_calib
Asia-4954,val_calib
Asia-9727,val_calib
Asia-3317,val_calib
Asia-8996,val_calib
Asia-7395,val_calib
Asia-843,val_calib
Asia-9459,val_calib
Europe-551,val_calib
Asia-6791,val_calib
Asia-4366,val_calib
Asia-8912,val_calib
Asia-7532,val_calib
Asia-6569,val_calib
Asia-5162,val_calib
Asia-9343,val_calib
Asia-6654,val_calib
Asia-6174,val_calib
Asia-7579,val_calib
Asia-7268,test
Asia-9321,test
Asia-5033,test
Asia-994,test
Oceania-236,test
Asia-6149,test
Europe-132,test
Africa-77,test
Asia-2288,test
Americas-902,test
Asia-9122,test
Asia-5088,test
Asia-6481,test
Asia-9286,test
Asia-9498,test
Asia-2272,test
Asia-1784,test
Americas-159,test
Asia-2849,test
Asia-132,test
Americas-527,test
Americas-410,test
Americas-114,test
Africa-260,test
Asia-8913,test
Asia-6578,test
Asia-2710,test
Asia-3134,test
Asia-3161,test
Asia-9509,test
Asia-4646,test
Asia-5829,test
Asia-10218,test
Asia-7757,test
Asia-4380,test
Asia-3182,test
Asia-1767,test
Asia-9745,test
Asia-3091,test
Asia-9452,test
Asia-1419,test
Asia-4919,test
Asia-7294,test
Asia-6538,test
Asia-3144,test
Americas-835,test
Asia-6572,test
Asia-2589,test
Asia-5378,test
Asia-8575,test
Asia-1684,test
Americas-320,test
Asia-1732,test
Asia-3523,test
Asia-7096,test
Asia-1442,test
Americas-1036,test
Asia-408,test
Africa-57,test
Asia-7059,test
Asia-5604,test
Asia-1863,test
Asia-3070,test
Asia-1887,test
Europe-3,test
Asia-10591,test
Asia-9260,test
Americas-754,test
Asia-2577,test
Americas-102,test
Asia-7333,test
Europe-356,test
Oceania-197,test
Asia-5864,test
Asia-8888,test
Asia-10241,test
Asia-9514,test
Africa-262,test
Asia-6461,test
Asia-5675,test
Africa-491,test
Europe-470,test
Asia-9714,test
Asia-409,test
Asia-7108,test
Asia-3669,test
Asia-10534,test
Asia-3786,test
Americas-291,test
Asia-7026,test
Americas-1015,test
Africa-400,test
Asia-1072,test
Asia-7885,test
Europe-382,test
Asia-350,test
Asia-6995,test
Asia-8065,test
Asia-2752,test
Americas-261,test
Europe-519,test
Asia-3167,test
Asia-211,test
Asia-9548,test
Asia-9479,test
Asia-8489,test
Asia-7939,test
Asia-10441,test
Asia-6358,test
Africa-133,test
Americas-359,test
Asia-4112,test
Asia-1351,test
Asia-4066,test
Americas-893,test
Asia-4303,test
Asia-6368,test
Asia-3013,test
Asia-2927,test
Asia-7170,test
Asia-8053,test
Asia-9032,test
Asia-5036,test
Asia-6450,test
Asia-8608,test
Asia-6107,test
Asia-5959,test
Asia-6072,test
Asia-6763,test
Asia-399,test
Americas-762,test
Asia-7558,test
Asia-5422,test
Asia-2125,test
Asia-9657,test
Americas-571,test
Asia-1083,test
Asia-5821,test
Asia-8123,test
Europe-434,test
Asia-3459,test
Asia-4274,test
Asia-4093,test
Asia-5425,test
Asia-3574,test
Asia-2040,test
Asia-9142,test
Asia-4429,test
Asia-1057,test
Asia-8987,test
Americas-59,test
Asia-2086,test
Asia-10225,test
Asia-470,test
Asia-6905,test
Asia-3488,test
Asia-1191,test
Asia-1585,test
Oceania-157,test
Asia-3397,test
Asia-7444,test
Europe-322,test
Asia-1394,test
Asia-266,test
Asia-10716,test
Asia-3782,test
Asia-3313,test
Asia-5222,test
Asia-6312,test
Asia-9456,test
Asia-7494,test
Asia-6233,test
Asia-218,test
Asia-7728,test
Asia-3653,test
Asia-2496,test
Asia-1143,test
Asia-544,test
Asia-4865,test
Asia-5982,test
Europe-146,test
Asia-7238,test
Asia-3772,test
Asia-6235,test
Asia-3095,test
Asia-6498,test
Asia-7415,test
Asia-4901,test
Asia-8337,test
Asia-1834,test
Asia-6915,test
Asia-5509,test
Asia-7972,test
Americas-599,test
Americas-1141,test
Asia-1352,test
Asia-4238,test
Asia-5560,test
Africa-282,test
Asia-6152,test
Asia-6376,test
Asia-6160,test
Oceania-67,test
Asia-10209,test
Asia-6309,test
Asia-466,test
Asia-1922,test
Asia-3778,test
Asia-8833,test
Asia-9737,test
Asia-837,test
Africa-82,test
Asia-249,test
Asia-8646,test
Africa-281,test
Asia-3856,test
Asia-6557,test
Asia-9653,test
Asia-7384,test
Asia-7473,test
Asia-7751,test
Asia-1350,test
Asia-1298,test
Asia-275,test
Asia-8138,test
Asia-2184,test
Asia-2639,test
Asia-4882,test
Asia-2848,test
Asia-5485,test
Europe-498,test
Asia-7650,test
Asia-9952,test
Asia-1471,test
Asia-20,test
Asia-4690,test
Americas-199,test
Asia-2217,test
Asia-739,test
Europe-568,test
Europe-622,test
Europe-82,test
Asia-9808,test
Asia-10066,test
Asia-5031,test
Asia-1248,test
Asia-5059,test
Asia-2725,test
Asia-9383,test
Asia-1544,test
Oceania-102,test
Asia-10201,test
Asia-3520,test
Africa-619,test
Asia-6183,test
Europe-200,test
Oceania-173,test
Asia-8939,test
Asia-4552,test
Asia-7590,test
Asia-7986,test
Oceania-149,test
Asia-6609,test
Asia-8585,test
Asia-5800,test
Asia-7927,test
Asia-731,test
Asia-7853,test
Americas-909,test
Asia-5845,test
Asia-3949,test
Asia-7282,test
Asia-1407,test
Africa-415,test
Asia-7809,test
Asia-7496,test
Asia-7104,test
Oceania-68,test
Europe-166,test
Asia-8616,test
Africa-229,test
Asia-4276,test
Americas-895,test
Asia-8189,test
Asia-624,test
Asia-10627,test
Americas-523,test
Asia-8413,test
Asia-2448,test
Asia-9158,test
Asia-5801,test
Asia-2908,test
Asia-10768,test
Asia-2565,test
Europe-237,test
Asia-3096,test
Africa-250,test
Africa-279,test
Asia-857,test
Asia-9292,test
Asia-1286,test
Africa-560,test
Asia-1871,test
Oceania-166,test
Asia-10255,test
Europe-415,test
Asia-4293,test
Asia-3248,test
Asia-6465,test
Asia-487,test
Americas-248,test
Europe-216,test
Asia-9565,test
Asia-8056,test
Africa-110,test
Asia-10294,test
Asia-4468,test
Asia-9080,test
Asia-7906,test
Asia-9438,test
Americas-1182,test
Americas-823,test
Asia-8061,test
Africa-333,test
Asia-10581,test
Asia-2486,test
Asia-3345,test
Europe-71,test
Asia-2037,test
Asia-6783,test
Americas-837,test
Asia-2246,test
Asia-2413,test
Asia-6806,test
Asia-2627,test
Asia-1384,test
Asia-3435,test
Asia-451,test
Asia-9315,test
Asia-5370,test
Americas-211,test
Asia-8450,test
Asia-3446,test
Asia-5796,test
Asia-6271,test
Asia-3496,test
Asia-8325,test
Asia-10176,test
Asia-10851,test
Asia-9784,test
Asia-1112,test
Asia-10791,test
Africa-620,test
Asia-7909,test
Asia-3707,test
Asia-1023,test
Asia-9241,test
Asia-1254,test
Asia-5606,test
Asia-4278,test
Asia-4114,test
Europe-605,test
Africa-273,test
Americas-717,test
Europe-164,test
Asia-5618,test
Oceania-26,test
Asia-6715,test
Asia-3661,test
Asia-7418,test
Asia-6862,test
Africa-418,test
Asia-9273,test
Asia-5921,test
Americas-821,test
Africa-31,test
Asia-2358,test
Asia-9212,test
Asia-9611,test
Asia-10816,test
Asia-2520,test
Asia-5776,test
Asia-9586,test
Asia-2792,test
Asia-563,test
Oceania-10,test
Americas-935,test
Asia-8255,test
Asia-5115,test
Asia-10533,test
Asia-652,test
Asia-634,test
Asia-10362,test
Asia-4029,test
Asia-5506,test
Asia-9517,test
Asia-4963,test
Asia-5689,test
Asia-7979,test
Asia-5191,test
Asia-4355,test
Asia-1627,test
Asia-4005,test
Asia-9960,test
Americas-97,test
Asia-10034,test
Asia-10221,test
Asia-3486,test
Asia-394,test
Asia-5177,test
Asia-5219,test
Asia-1792,test
Americas-1132,test
Asia-8659,test
Europe-229,test
Asia-1021,test
Asia-246,test
Asia-1796,test
Asia-51,test
Asia-5854,test
Asia-10564,test
Americas-937,test
Americas-1159,test
Asia-3146,test
Asia-10411,test
Asia-8566,test
Asia-3594,test
Asia-3937,test
Asia-7904,test
Asia-2418,test
Asia-4574,test
Africa-466,test
Oceania-116,test
Asia-7201,test
Asia-8804,test
Asia-2211,test
Asia-4095,test
Asia-10598,test
Asia-1559,test
Asia-3108,test
Asia-8875,test
Asia-6287,test
Asia-4636,test
Asia-1936,test
Europe-413,test
Asia-9741,test
Asia-10818,test
Asia-8459,test
Asia-1747,test
Asia-3527,test
Asia-8024,test
Asia-8511,test
Asia-7813,test
Asia-8150,test
Americas-219,test
Asia-7212,test
Asia-4709,test
Asia-5274,test
Asia-6007,test
Asia-7429,test
Asia-3456,test
Asia-6111,test
Asia-3617,test
Asia-10673,test
Asia-6115,test
Asia-4300,test
Asia-9558,test
Asia-4140,test
Asia-2587,test
Asia-4569,test
Asia-9715,test
Asia-5459,test
Asia-1723,test
Oceania-160,test
Europe-156,test
Asia-4880,test
Asia-8492,test
Asia-6761,test
Asia-8917,test
Africa-78,test
Asia-10643,test
Asia-1119,test
Asia-4464,test
Asia-8119,test
Asia-10601,test
Asia-2532,test
Asia-6693,test
Americas-82,test
Asia-10315,test
Asia-7363,test
Asia-8389,test
Oceania-206,test
Asia-6293,test
Oceania-219,test
Asia-5665,test
Asia-484,test
Asia-6150,test
Asia-5715,test
Asia-3528,test
Asia-9910,test
Asia-5363,test
Asia-4607,test
Asia-8716,test
Asia-4635,test
Asia-4420,test
Americas-1032,test
Americas-1114,test
Asia-6435,test
Asia-97,test
Asia-8038,test
Asia-9288,test
Asia-6868,test
Asia-6537,test
Asia-2021,test
Americas-775,test
Asia-1794,test
Europe-239,test
Asia-7021,test
Asia-10671,test
Asia-8519,test
Asia-684,test
Asia-8605,test
Asia-7150,test
Asia-7206,test
Americas-714,test
Asia-9664,test
Asia-9835,test
Americas-536,test
Asia-7713,test
Asia-4562,test
Asia-7585,test
Asia-3571,test
Asia-5906,test
Asia-7441,test
Americas-267,test
Asia-3644,test
Africa-554,test
Asia-2146,test
Asia-1624,test
Asia-3950,test
Asia-5392,test
Asia-7400,test
Asia-1955,test
Asia-4809,test
Asia-7901,test
Asia-8728,test
Europe-558,test
Asia-7629,test
Oceania-141,test
Asia-7489,test
Asia-2378,test
Asia-2821,test
Asia-4346,test
Asia-6700,test
Asia-8168,test
Asia-8241,test
Europe-632,test
Asia-1157,test
Asia-8806,test
Asia-10655,test
Asia-8188,test
Asia-4353,test
Americas-911,test
Asia-1510,test
Asia-8302,test
Asia-4,test
Asia-3870,test
Asia-400,test
Asia-6845,test
Africa-583,test
Asia-3845,test
Asia-4190,test
Asia-7913,test
Asia-7121,test
Asia-8495,test
Asia-7564,test
Asia-217,test
Asia-9221,test
Asia-695,test
Asia-2997,test
Asia-9189,test
Asia-322,test
Asia-5465,test
Asia-3022,test
Asia-1836,test
Asia-2904,test
Asia-6588,test
Asia-4615,test
Americas-266,test
Asia-2349,test
Asia-1459,test
Americas-791,test
Asia-7802,test
Asia-6434,test
Americas-760,test
Asia-8846,test
Asia-9172,test
Americas-156,test
Asia-10526,test
Asia-1111,test
Asia-701,test
Asia-10529,test
Asia-2930,test
Asia-5713,test
Asia-5481,test
Europe-631,test
Asia-583,test
Asia-8841,test
Asia-30,test
Asia-4683,test
Americas-689,test
Asia-497,test
Oceania-11,test
Asia-10131,test
Asia-9943,test
Asia-7886,test
Europe-313,test
Asia-4869,test
Asia-7066,test
Asia-6337,test
Asia-10521,test
Asia-6380,test
Asia-5091,test
Europe-282,test
Asia-8576,test
Asia-8133,test
Asia-9470,test
Asia-8954,test
Asia-5107,test
Asia-766,test
Asia-8411,test
Americas-959,test
Americas-71,test
Asia-9217,test
Asia-7068,test
Asia-6833,test
Asia-5642,test
Asia-1748,test
Asia-8923,test
Africa-534,test
Americas-487,test
Asia-4304,test
Asia-1982,test
Asia-2076,test
Asia-1195,test
Asia-6404,test
Asia-7455,test
Asia-10567,test
Asia-4703,test
Asia-5594,test
Asia-9938,test
Asia-8367,test
Asia-5628,test
Asia-6734,test
Asia-428,test
Asia-7945,test
Asia-9211,test
Asia-8117,test
Asia-2326,test
Americas-84,test
Asia-10588,test
Oceania-39,test
Asia-2216,test
Asia-5439,test
Asia-3525,test
Asia-6518,test
Asia-8253,test
Asia-9798,test
Asia-677,test
Asia-593,test
Asia-2424,test
Asia-1719,test
Asia-7112,test
Americas-574,test
Asia-1487,test
Asia-9747,test
Africa-115,test
Americas-416,test
Asia-5909,test
Asia-3089,test
Americas-728,test
Asia-448,test
Asia-4976,test
Asia-4342,test
Europe-429,test
Asia-3430,test
Asia-6792,test
Africa-417,test
Asia-5961,test
Asia-8831,test
Asia-2948,test
Asia-6394,test
Asia-4962,test
Asia-9968,test
Asia-5612,test
Asia-4601,test
Africa-56,test
Asia-7188,test
Asia-10368,test
Europe-593,test
Asia-8759,test
Asia-4939,test
Asia-10113,test
Asia-5736,test
Asia-5360,test
Asia-743,test
Asia-9355,test
Asia-10077,test
Africa-236,test
Asia-6228,test
Asia-5174,test
Asia-1731,test
Oceania-97,test
Asia-4096,test
Asia-7259,test
Americas-1050,test
Asia-10292,test
Asia-501,test
Asia-1670,test
Asia-6012,test
Oceania-83,test
Asia-7803,test
Asia-5738,test
Asia-3847,test
Asia-10173,test
Asia-4608,test
Asia-5158,test
Asia-2141,test
Americas-193,test
Asia-4970,test
Asia-9,test
Asia-5350,test
Asia-6190,test
Asia-10599,test
Asia-7601,test
Asia-1745,test
Asia-5136,test
Asia-3119,test
Asia-1711,test
Asia-9467,test
Asia-8308,test
Asia-5126,test
Asia-7348,test
Asia-186,test
Oceania-20,test
Asia-4231,test
Asia-7822,test
Asia-6348,test
Asia-10474,test
Asia-2240,test
Asia-1285,test
Asia-5793,test
Asia-7237,test
Asia-5215,test
Asia-8515,test
Asia-3027,test
Asia-8720,test
Asia-7225,test
Europe-119,test
Asia-3049,test
Asia-8678,test
Asia-4767,test
Asia-2488,test
Americas-299,test
Americas-171,test
Asia-7047,test
Asia-458,test
Asia-5035,test
Asia-3618,test
Asia-3722,test
Asia-3273,test
Asia-6323,test
Asia-4561,test
Asia-716,test
Asia-7786,test
Oceania-243,test
Asia-1951,test
Asia-1409,test
Oceania-69,test
Americas-32,test
Asia-2109,test
Asia-7683,test
Asia-8791,test
Europe-508,test
Asia-9373,test
Asia-7077,test
Asia-1370,test
Asia-7342,test
Asia-8093,test
Americas-856,test
Americas-1080,test
Asia-2743,test
Africa-542,test
Americas-491,test
Asia-10620,test
Asia-253,test
Asia-5647,test
Asia-8732,test
Asia-1,test
Asia-5007,test
Americas-619,test
Asia-9575,test
Asia-6752,test
Americas-866,test
Americas-362,test
Asia-6438,test
Asia-3046,test
Asia-622,test
Asia-1278,test
Asia-1331,test
Asia-1040,test
Africa-119,test
Asia-10576,test
Asia-6902,test
Americas-1103,test
Asia-1489,test
Americas-655,test
Asia-5765,test
Asia-3039,test
Asia-102,test
Asia-10465,test
Asia-851,test
Asia-4056,test
Asia-8206,test
Asia-6207,test
Asia-3232,test
Asia-4594,test
Asia-10494,test
Asia-3783,test
Asia-10651,test
Asia-1124,test
Asia-9198,test
Asia-3315,test
Asia-8182,test
Asia-3419,test
Africa-132,test
Asia-4961,test
Asia-7874,test
Oceania-126,test
Asia-5169,test
Asia-3743,test
Asia-4327,test
Africa-495,test
Asia-3567,test
Americas-1138,test
Asia-5400,test
Asia-2679,test
Asia-7830,test
Americas-803,test
Asia-7602,test
Asia-2985,test
Asia-8662,test
Asia-8050,test
Asia-5229,test
Asia-3781,test
Americas-130,test
Asia-1211,test
Asia-569,test
Asia-77,test
Asia-377,test
Asia-6836,test
Americas-859,test
Asia-3438,test
Asia-6837,test
Americas-140,test
Asia-2453,test
Asia-3615,test
Asia-5152,test
Asia-3708,test
Asia-2271,test
Asia-7745,test
Asia-1161,test
Asia-4270,test
Oceania-227,test
Europe-204,test
Asia-1512,test
Europe-11,test
Asia-8501,test
Asia-2920,test
Asia-3140,test
Africa-141,test
Asia-6890,test
Asia-1113,test
Americas-448,test
Asia-3659,test
Asia-1852,test
Asia-4354,test
Asia-8719,test
Americas-731,test
Asia-3920,test
Asia-7921,test
Africa-164,test
Asia-3881,test
Europe-32,test
Asia-6916,test
Asia-1787,test
Asia-8770,test
Asia-8638,test
Africa-337,test
Asia-933,test
Africa-489,test
Americas-980,test
Americas-60,test
Asia-6061,test
Americas-869,test
Asia-9159,test
Asia-500,test
Asia-8992,test
Asia-968,test
Asia-296,test
Asia-1042,test
Asia-5887,test
Asia-8508,test
Asia-5834,test
Asia-5703,test
Asia-2019,test
Asia-1567,test
Asia-7389,test
Asia-9937,test
Asia-6119,test
Asia-2616,test
Americas-324,test
Asia-3306,test
Americas-1001,test
Asia-4211,test
Asia-10398,test
Asia-5211,test
Asia-802,test
Asia-7109,test
Asia-10004,test
Asia-1069,test
Europe-524,test
Asia-6396,test
Asia-7364,test
Asia-4973,test
Asia-7854,test
Asia-3412,test
Asia-3974,test
Asia-4440,test
Americas-334,test
Asia-9677,test
Asia-3542,test
Asia-9640,test
Asia-3208,test
Asia-1319,test
Asia-10636,test
Asia-10142,test
Asia-4537,test
Asia-3886,test
Americas-562,test
Africa-3,test
Asia-5063,test
Asia-5000,test
Asia-1524,test
Asia-853,test
Asia-6148,test
Asia-8471,test
Asia-4895,test
Asia-5752,test
Africa-71,test
Asia-9570,test
Asia-4465,test
Asia-10438,test
Asia-3959,test
Asia-1984,test
Asia-6492,test
Asia-4451,test
Asia-4247,test
Asia-7889,test
Asia-9100,test
Asia-6106,test
Asia-37,test
Asia-7820,test
Africa-526,test
Asia-1480,test
Asia-972,test
Asia-5175,test
Asia-6682,test
Asia-109,test
Asia-9838,test
Asia-6281,test
Asia-2862,test
Asia-3464,test
Africa-61,test
Asia-1769,test
Asia-3066,test
Asia-4935,test
Europe-435,test
Asia-8690,test
Asia-7895,test
Americas-781,test
Asia-9832,test
Asia-4719,test
Asia-7620,test
Asia-2909,test
Asia-9319,test
Asia-2313,test
Africa-332,test
Asia-6878,test
Asia-10587,test
Asia-10019,test
Americas-590,test
Americas-753,test
Asia-7365,test
Asia-8122,test
Asia-4772,test
Oceania-187,test
Europe-209,test
Americas-234,test
Asia-8205,test
Asia-7035,test
Asia-9425,test
Asia-8864,test
Asia-6088,test
Asia-4002,test
Asia-6215,test
Asia-1150,test
Asia-2685,test
Asia-4688,test
Asia-7249,test
Asia-9799,test
Asia-6448,test
Asia-6658,test
Asia-3379,test
Asia-961,test
Asia-2465,test
Asia-15,test
Africa-444,test
Asia-7319,test
Asia-789,test
Africa-445,test
Asia-790,test
Europe-50,test
Asia-8963,test
Asia-9227,test
Asia-8154,test
Asia-1108,test
Africa-83,test
Asia-3843,test
Africa-216,test
Asia-8588,test
Americas-1122,test
Asia-5027,test
Asia-287,test
Asia-3543,test
Asia-469,test
Asia-4413,test
Asia-706,test
Asia-2253,test
Asia-1808,test
Asia-2129,test
Asia-6551,test
Americas-905,test
Asia-6841,test
Europe-111,test
Asia-3827,test
Americas-1135,test
Asia-9165,test
Asia-10617,test
Asia-2693,test
Asia-917,test
Asia-9980,test
Asia-7543,test
Asia-9731,test
Asia-971,test
Americas-129,test
Asia-7541,test
Asia-10371,test
Asia-7810,test
Asia-10214,test
Asia-3648,test
Asia-4377,test
Asia-9117,test
Asia-715,test
Asia-1966,test
Asia-5279,test
Asia-8622,test
Asia-1146,test
Europe-222,test
Asia-4915,test
Asia-2393,test
Asia-4784,test
Americas-1012,test
Asia-468,test
Asia-1311,test
Asia-6493,test
Asia-566,test
Asia-5667,test
Asia-10842,test
Americas-716,test
Asia-3996,test
Asia-7318,test
Asia-3756,test
Asia-107,test
Americas-912,test
Asia-7788,test
Africa-579,test
Asia-5518,test
Asia-4116,test
Asia-9389,test
Asia-9670,test
Asia-5326,test
Europe-311,test
Asia-2192,test
Africa-156,test
Asia-5551,test
Asia-10087,test
Americas-343,test
Asia-9433,test
Asia-4398,test
Asia-2475,test
Asia-8193,test
Asia-6516,test
Asia-6753,test
Africa-7,test
Asia-3288,test
Asia-3329,test
Africa-611,test
Asia-9085,test
Asia-8012,test
Asia-10461,test
Asia-7714,test
Oceania-34,test
Europe-258,test
Oceania-17,test
Asia-1356,test
Asia-6736,test
Asia-3458,test
Asia-10837,test
Asia-4289,test
Asia-1786,test
Africa-378,test
Asia-9175,test
Asia-1088,test
Asia-9490,test
Asia-2341,test
Oceania-184,test
Asia-6927,test
Asia-9342,test
Asia-938,test
Europe-598,test
Asia-922,test
Asia-6742,test
Europe-514,test
Asia-10804,test
Asia-3861,test
Asia-4382,test
Asia-5181,test
Asia-604,test
Asia-260,test
Asia-8623,test
Asia-81,test
Europe-589,test
Asia-158,test
Asia-6621,test
Asia-5236,test
Asia-4640,test
Asia-4627,test
Asia-2517,test
Americas-1076,test
Asia-9261,test
Asia-7266,test
Asia-4773,test
Asia-9109,test
Asia-5034,test
Asia-1473,test
Asia-4192,test
Asia-1246,test
Asia-1495,test
Asia-5480,test
Asia-4487,test
Oceania-143,test
Asia-6401,test
Asia-8894,test
Asia-8149,test
Europe-77,test
Asia-9879,test
Africa-569,test
Asia-4514,test
Asia-9582,test
Asia-3124,test
Asia-5260,test
Asia-2239,test
Asia-6953,test
Africa-559,test
Asia-10042,test
Europe-323,test
Asia-3718,test
Asia-2479,test
Asia-2612,test
Asia-10507,test
Asia-2859,test
Asia-40,test
Asia-3596,test
Asia-5362,test
Asia-7700,test
Asia-8777,test
Asia-9310,test
Asia-5266,test
Asia-1447,test
Asia-719,test
Asia-11,test
Asia-8064,test
Asia-9878,test
Asia-8310,test
Asia-8384,test
Asia-7756,test
Americas-1156,test
Asia-334,test
Americas-333,test
Asia-10538,test
Asia-5200,test
Asia-8609,test
Asia-9837,test
Americas-433,test
Asia-7691,test
Asia-8499,test
Asia-4953,test
Americas-790,test
Asia-9669,test
Asia-3534,test
Oceania-61,test
Asia-7025,test
Asia-8754,test
Asia-10459,test
Europe-7,test
Asia-4092,test
Oceania-214,test
Asia-10040,test
Africa-64,test
Asia-8867,test
Asia-3939,test
Asia-8015,test
Asia-1661,test
Asia-2999,test
Americas-45,test
Asia-1079,test
Africa-299,test
Asia-10695,test
Asia-8250,test
Asia-10619,test
Americas-1038,test
Asia-440,test
Asia-5894,test
Africa-356,test
Asia-7090,test
Africa-193,test
Asia-374,test
Africa-245,test
Europe-389,test
Asia-7742,test
Africa-594,test
Asia-93,test
Asia-2866,test
Asia-10739,test
Asia-10143,test
Asia-8361,test
Asia-5398,test
Asia-736,test
Asia-2320,test
Americas-579,test
Asia-2603,test
Asia-7037,test
Asia-6188,test
Asia-10335,test
Asia-5293,test
Asia-4626,test
Europe-405,test
Asia-8533,test
Africa-405,test
Africa-11,test
Asia-8825,test
Asia-7992,test
Asia-2329,test
Americas-157,test
Asia-2814,test
Asia-2345,test
Asia-10815,test
Asia-1003,test
Asia-9949,test
Asia-2983,test
Asia-7506,test
Asia-9750,test
Asia-7442,test
Asia-10443,test
Asia-4834,test
Americas-755,test
Europe-616,test
Asia-4003,test
Asia-481,test
Asia-4871,test
Asia-8400,test
Americas-1019,test
Asia-7865,test
Asia-8080,test
Asia-4727,test
Asia-2816,test
Asia-2426,test
Asia-6393,test
Asia-8087,test
Asia-3072,test
Africa-430,test
Asia-8731,test
Asia-10071,test
Asia-4711,test
Asia-6445,test
Asia-2200,test
Asia-8023,test
Asia-6910,test
Asia-3102,test
Asia-9706,test
Asia-775,test
Asia-3017,test
Africa-50,test
Asia-462,test
Asia-10447,test
Asia-10259,test
Asia-5523,test
Asia-4951,test
Asia-8645,test
Asia-9854,test
Asia-4340,test
Asia-94,test
Asia-1651,test
Europe-489,test
Asia-9972,test
Asia-6077,test
Asia-6335,test
Asia-5295,test
Asia-9571,test
Asia-7931,test
Asia-5615,test
Americas-995,test
Asia-884,test
Asia-7611,test
Asia-9830,test
Americas-880,test
Asia-7190,test
Asia-4519,test
Asia-6546,test
Asia-2975,test
Europe-537,test
Asia-6638,test
Asia-5255,test
Asia-4909,test
Asia-7720,test
Asia-7749,test
Asia-8995,test
Asia-2228,test
Asia-7513,test
Asia-9694,test
Asia-10852,test
Asia-531,test
Asia-382,test
Asia-7922,test
Europe-525,test
Asia-534,test
Europe-56,test
Americas-667,test
Asia-1884,test
Asia-3335,test
Asia-1122,test
Asia-915,test
Asia-10240,test
Africa-409,test
Asia-10149,test
Asia-6383,test
Asia-319,test
Asia-3356,test
Asia-2677,test
Africa-111,test
Oceania-144,test
Asia-4956,test
Asia-2931,test
Asia-1916,test
Asia-8705,test
Asia-1316,test
Americas-874,test
Asia-5397,test
Asia-5663,test
Asia-8207,test
Asia-2630,test
Asia-543,test
Asia-10797,test
Africa-578,test
Asia-7795,test
Africa-291,test
Asia-10276,test
Asia-5493,test
Asia-6743,test
Asia-4068,test
Asia-5664,test
Asia-10811,test
Asia-9102,test
Asia-3530,test
Europe-488,test
Asia-8405,test
Asia-2900,test
Asia-6074,test
Asia-8594,test
Asia-4610,test
Africa-355,test
Asia-840,test
Asia-3106,test
Africa-506,test
Africa-464,test
Asia-2392,test
Asia-3469,test
Asia-5413,test
Asia-796,test
Asia-6848,test
Asia-6606,test
Asia-4376,test
Asia-3509,test
Asia-9777,test
Asia-10742,test
Americas-524,test
Asia-1414,test
Asia-2250,test
Asia-1954,test
Europe-542,test
Europe-83,test
Africa-102,test
Americas-756,test
Asia-9365,test
Asia-3858,test
Asia-4255,test
Asia-4475,test
Asia-5313,test
Oceania-87,test
Asia-669,test
Asia-10237,test
Asia-7877,test
Asia-2070,test
Europe-251,test
Asia-10290,test
Asia-1255,test
Asia-2763,test
Asia-347,test
Asia-3004,test
Asia-9597,test
Asia-2620,test
Asia-9357,test
Asia-5507,test
Asia-6367,test
Americas-57,test
Asia-3388,test
Europe-269,test
Asia-1454,test
Asia-1189,test
Oceania-46,test
Asia-5065,test
Asia-5124,test
Europe-607,test
Asia-1618,test
Asia-6444,test
Asia-2185,test
Asia-9435,test
Asia-714,test
Asia-3275,test
Asia-4443,test
Asia-1262,test
Asia-4650,test
Asia-7436,test
Asia-6256,test
Asia-4868,test
Asia-427,test
Asia-3230,test
Asia-6311,test
Asia-8535,test
Asia-7040,test
Americas-141,test
Asia-6785,test
Asia-5235,test
Asia-757,test
Asia-294,test
Asia-6178,test
Asia-1156,test
Asia-7929,test
Asia-6513,test
Asia-4448,test
Asia-1209,test
Asia-8112,test
Asia-3033,test
Asia-1435,test
Asia-380,test
Africa-588,test
Asia-8972,test
Asia-8543,test
Asia-7546,test
Asia-7824,test
Asia-1283,test
Asia-8494,test
Asia-9655,test
Asia-8525,test
Asia-7056,test
Asia-6490,test
Asia-6087,test
Asia-3563,test
Asia-10491,test
Asia-4439,test
Americas-77,test
Americas-595,test
Asia-10778,test
Asia-3405,test
Asia-3471,test
Asia-1374,test
Asia-3406,test
Asia-9026,test
Asia-8484,test
Asia-4460,test
Asia-6866,test
Americas-175,test
Asia-2936,test
Asia-1776,test
Asia-7753,test
Asia-252,test
Asia-7507,test
Americas-142,test
Asia-7008,test
Asia-595,test
Asia-10658,test
Europe-159,test
Asia-638,test
Asia-5598,test
Asia-5653,test
Asia-9002,test
Americas-737,test
Asia-3252,test
Asia-3738,test
Asia-2877,test
Asia-4218,test
Asia-6283,test
Asia-8989,test
Asia-10667,test
Asia-2956,test
Europe-500,test
Americas-1144,test
Americas-55,test
Asia-8129,test
Africa-159,test
Americas-974,test
Europe-545,test
Asia-6960,test
Asia-3510,test
Africa-25,test
Asia-3788,test
Asia-9081,test
Asia-5555,test
Asia-5318,test
Asia-7776,test
Asia-9652,test
Asia-3945,test
Asia-7440,test
Asia-6912,test
Europe-573,test
Asia-705,test
Asia-6030,test
Asia-10348,test
Asia-7067,test
Asia-5891,test
Americas-466,test
Asia-5957,test
Asia-2518,test
Asia-2169,test
Asia-7088,test
Asia-10419,test
Asia-8128,test
Asia-5545,test
Americas-200,test
Asia-2629,test
Asia-1689,test
Asia-5988,test
Asia-9961,test
Asia-5322,test
Asia-4336,test
Africa-434,test
Asia-2128,test
Americas-414,test
Asia-3705,test
Asia-1499,test
Asia-7432,test
Asia-6828,test
Europe-87,test
Asia-7278,test
Asia-4982,test
Asia-3657,test
Asia-2847,test
Americas-862,test
Asia-909,test
Asia-4696,test
Africa-440,test
Asia-410,test
Asia-6454,test
Asia-7412,test
Europe-197,test
Asia-8586,test
Asia-9930,test
Asia-4681,test
Asia-2168,test
Asia-2808,test
Asia-5939,test
Asia-6132,test
Asia-10450,test
Africa-342,test
Asia-5146,test
Asia-737,test
Americas-1107,test
Americas-353,test
Asia-7954,test
Asia-145,test
Asia-5246,test
Asia-2099,test
Americas-452,test
Asia-4462,test
Asia-1251,test
Asia-4027,test
Asia-6999,test
Europe-290,test
Asia-5873,test
Asia-3462,test
Asia-9649,test
Asia-168,test
Asia-1218,test
Asia-8763,test
Europe-384,test
Asia-1942,test
Asia-5911,test
Asia-5749,test
Asia-5021,test
Asia-3818,test
Asia-4831,test
Asia-606,test
Asia-10035,test
Americas-310,test
Africa-205,test
Asia-2837,test
Americas-498,test
Asia-4873,test
Asia-8961,test
Americas-210,test
Asia-2139,test
Asia-4338,test
Asia-5915,test
Asia-9602,test
Asia-5237,test
Asia-1181,test
Asia-9071,test
Asia-8976,test
Asia-7804,test
Asia-2485,test
Americas-278,test
Asia-7845,test
Europe-214,test
Asia-5267,test
Americas-355,test
Asia-2151,test
Asia-3185,test
Asia-170,test
Asia-7702,test
Asia-9489,test
Asia-3449,test
Africa-586,test
Asia-7525,test
Asia-2499,test
Asia-4851,test
Asia-3400,test
Asia-5008,test
Asia-1176,test
Asia-7653,test
Asia-10787,test
Oceania-16,test
Asia-7234,test
Africa-232,test
Asia-3575,test
Asia-4787,test
Americas-568,test
Asia-8539,test
Asia-4819,test
Asia-1953,test
Europe-228,test
Asia-1609,test
Asia-5502,test
Europe-193,test
Africa-474,test
Asia-5258,test
Americas-850,test
Asia-5652,test
Asia-10703,test
Africa-328,test
Americas-139,test
Asia-5581,test
Asia-9035,test
Asia-292,test
Asia-7744,test
Europe-406,test
Asia-8135,test
Asia-7873,test
Asia-6840,test
Europe-623,test
Americas-232,test
Asia-4657,test
Americas-1063,test
Asia-6628,test
Asia-5614,test
Europe-422,test
Asia-3398,test
Asia-5129,test
Asia-9527,test
Asia-8661,test
Americas-534,test
Asia-5770,test
Asia-3032,test
Americas-431,test
Asia-7960,test
Americas-423,test
Asia-6046,test
Asia-550,test
Asia-6071,test
Asia-4813,test
Oceania-7,test
Asia-8457,test
Asia-291,test
Americas-494,test
Asia-5099,test
Asia-9084,test
Asia-5903,test
Asia-5406,test
Asia-3468,test
Americas-561,test
Asia-104,test
Asia-24,test
Asia-64,test
Asia-5937,test
Europe-42,test
Asia-6846,test
Europe-553,test
Americas-276,test
Asia-4402,test
Europe-272,test
Asia-6680,test
Asia-10313,test
Asia-9213,test
Asia-4609,test
Asia-10361,test
Asia-9831,test
Americas-1126,test
Asia-5580,test
Asia-1897,test
Asia-4101,test
Asia-10548,test
Asia-10506,test
Asia-336,test
Asia-264,test
Asia-1497,test
Asia-3434,test
Africa-239,test
Europe-133,test
Africa-204,test
Asia-10827,test
Americas-615,test
Europe-279,test
Asia-2175,test
Africa-235,test
Asia-6326,test
Asia-9620,test
Asia-1878,test
Asia-6830,test
Asia-4484,test
Americas-819,test
Europe-262,test
Europe-321,test
Asia-10847,test
Asia-5577,test
Europe-391,test
Oceania-220,test
Asia-6760,test
Africa-105,test
Asia-9280,test
Africa-40,test
Asia-6426,test
Asia-5471,test
Americas-839,test
Asia-5517,test
Asia-5573,test
Oceania-176,test
Asia-1781,test
Asia-5637,test
Asia-3483,test
Asia-2961,test
Asia-120,test
Asia-621,test
Asia-1671,test
Asia-800,test
Asia-3466,test
Asia-6665,test
Asia-1985,test
Africa-311,test
Asia-477,test
Asia-10356,test
Asia-4013,test
Asia-2841,test
Asia-8669,test
Asia-6331,test
Asia-5610,test
Asia-9044,test
Asia-5016,test
Asia-4908,test
Asia-9836,test
Oceania-118,test
Asia-4454,test
Asia-10812,test
Americas-535,test
Asia-9178,test
Asia-8953,test
Asia-5283,test
Asia-3695,test
Asia-4111,test
Americas-530,test
Africa-177,test
Asia-9823,test
Asia-6182,test
Asia-762,test
Asia-9933,test
Americas-454,test
Europe-330,test
Asia-4520,test
Asia-1826,test
Asia-7765,test
Asia-2010,test
Americas-89,test
Africa-604,test
Asia-2772,test
Asia-3838,test
Asia-2493,test
Asia-2466,test
Asia-7589,test
Asia-5520,test
Asia-3080,test
Asia-1537,test
Asia-293,test
Asia-2031,test
Asia-4128,test
Asia-8451,test
Americas-736,test
Asia-4763,test
Asia-4282,test
Americas-889,test
Asia-3380,test
Asia-10444,test
Asia-9216,test
Europe-79,test
Asia-4585,test
Americas-939,test
Asia-5029,test
Asia-10385,test
Asia-10822,test
Europe-91,test
Asia-6221,test
Africa-228,test
Americas-1082,test
Asia-3679,test
Asia-4606,test
Oceania-31,test
Asia-7591,test
Asia-2459,test
Asia-7111,test
Asia-2665,test
Asia-568,test
Asia-2108,test
Asia-3001,test
Asia-10514,test
Asia-3890,test
Asia-6501,test
Americas-378,test
Asia-10645,test
Asia-4623,test
Asia-10220,test
Americas-297,test
Asia-587,test
Europe-421,test
Asia-2733,test
Asia-7377,test
Asia-7075,test
Asia-2484,test
Europe-603,test
Asia-4036,test
Asia-5272,test
Asia-10726,test
Asia-9520,test
Asia-5494,test
Asia-711,test
Asia-2910,test
Asia-4318,test
Asia-4334,test
Asia-1428,test
Asia-2610,test
Asia-5047,test
Asia-9271,test
Asia-6685,test
Asia-8295,test
Asia-5740,test
Asia-8418,test
Asia-7256,test
Asia-6769,test
Americas-622,test
Asia-10753,test
Asia-5633,test
Asia-2955,test
Americas-372,test
Asia-867,test
Asia-4004,test
Asia-5969,test
Asia-609,test
Asia-4864,test
Asia-9228,test
Asia-316,test
Asia-896,test
Asia-6217,test
Asia-9413,test
Asia-3690,test
Americas-1058,test
Europe-452,test
Europe-178,test
Asia-8643,test
Asia-3956,test
Asia-4588,test
Americas-164,test
Asia-5719,test
Asia-4077,test
Europe-366,test
Africa-330,test
Americas-1093,test
Asia-2827,test
Asia-9707,test
Asia-4476,test
Asia-10245,test
Asia-3834,test
Asia-6413,test
Asia-5077,test
Asia-5904,test
Asia-5685,test
Asia-10846,test
Asia-1148,test
Asia-2535,test
Asia-9167,test
Europe-175,test
Asia-3544,test
Asia-10013,test
Asia-748,test
Asia-6486,test
Asia-3018,test
Asia-10208,test
Asia-751,test
Asia-10322,test
Americas-24,test
Asia-7221,test
Europe-31,test
Africa-547,test
Americas-960,test
Americas-480,test
Asia-6202,test
Asia-6214,test
Asia-1563,test
Asia-5849,test
Asia-3376,test
Asia-6352,test
Asia-2615,test
Asia-9893,test
Asia-10826,test
Asia-7052,test
Asia-9091,test
Asia-555,test
Asia-6118,test
Asia-48,test
Africa-510,test
Asia-6045,test
Asia-7801,test
Asia-6585,test
Asia-441,test
Asia-1027,test
Asia-9358,test
Americas-813,test
Asia-5763,test
Asia-4265,test
Asia-10648,test
Asia-10688,test
Asia-9884,test
Asia-9816,test
Asia-3044,test
Asia-10288,test
Asia-9512,test
Asia-1361,test
Americas-1190,test
Asia-10157,test
Asia-3071,test
Asia-10664,test
Asia-1531,test
Asia-2883,test
Asia-5268,test
Asia-304,test
Asia-9155,test
Asia-2361,test
Asia-8762,test
Americas-507,test
Asia-8215,test
Asia-765,test
Asia-10437,test
Asia-10156,test
Asia-928,test
Asia-108,test
Asia-3882,test
Asia-3670,test
Asia-9272,test
Asia-1617,test
Asia-8200,test
Asia-8334,test
Americas-439,test
Asia-1672,test
Asia-7947,test
Asia-9716,test
Europe-594,test
Asia-1845,test
Asia-435,test
Asia-2964,test
Asia-1502,test
Asia-5764,test
Asia-2508,test
Asia-1434,test
Asia-9610,test
Asia-709,test
Asia-10578,test
Asia-2702,test
Asia-9523,test
Asia-6246,test
Asia-6926,test
Africa-553,test
Americas-209,test
Asia-8037,test
Americas-668,test
Asia-3687,test
Asia-9061,test
Asia-1595,test
Asia-5823,test
Asia-3064,test
Asia-4217,test
Asia-6647,test
Asia-3740,test
Americas-918,test
Europe-64,test
Asia-8348,test
Asia-9809,test
Asia-3746,test
Americas-971,test
Africa-30,test
Asia-268,test
Asia-7534,test
Asia-32,test
Asia-8747,test
Asia-7594,test
Asia-2153,test
Asia-6101,test
Asia-5886,test
Asia-1580,test
Asia-1011,test
Asia-8382,test
Asia-4605,test
Asia-1207,test
Asia-5825,test
Asia-5853,test
Asia-9316,test
Asia-9223,test
Asia-656,test
Oceania-179,test
Asia-9464,test
Asia-317,test
Asia-7645,test
Asia-8319,test
Asia-2311,test
Asia-5847,test
Americas-368,test
Americas-309,test
Asia-1759,test
Asia-10803,test
Asia-2316,test
Asia-591,test
Asia-9847,test
Asia-10508,test
Asia-3558,test
Asia-10684,test
Asia-1685,test
Americas-87,test
Asia-10544,test
Asia-3352,test
Asia-2013,test
Asia-2614,test
Asia-2928,test
Asia-8799,test
Asia-8698,test
Americas-708,test
Asia-8208,test
Asia-9265,test
Asia-2120,test
Americas-391,test
Asia-2190,test
Asia-2583,test
Asia-4078,test
Asia-9778,test
Asia-6876,test
Asia-10051,test
Asia-3711,test
Asia-7269,test
Asia-7220,test
Asia-6605,test
Americas-969,test
Asia-1714,test
Asia-289,test
Asia-7255,test
Asia-1114,test
Asia-36,test
Asia-2089,test
Asia-4949,test
Asia-3874,test
Asia-9313,test
Africa-197,test
Asia-5899,test
Oceania-110,test
Asia-5441,test
Asia-2352,test
Americas-942,test
Americas-676,test
Asia-10406,test
Asia-519,test
Asia-4157,test
Asia-3155,test
Asia-5901,test
Asia-6400,test
Asia-9074,test
Asia-7523,test
Asia-7323,test
Asia-4141,test
Asia-425,test
Asia-3083,test
Americas-425,test
Europe-617,test
Asia-3051,test
Asia-1972,test
Asia-8666,test
Europe-595,test
Africa-79,test
Asia-5732,test
Asia-9058,test
Asia-7848,test
Asia-8752,test
Europe-481,test
Asia-4748,test
Asia-8950,test
Asia-6889,test
Asia-1340,test
Asia-3947,test
Europe-354,test
Asia-2158,test
Asia-8360,test
Asia-8448,test
Europe-396,test
Asia-1596,test
Asia-7362,test
Oceania-163,test
Asia-1741,test
Asia-361,test
Asia-4098,test
Asia-2255,test
Asia-5119,test
Asia-6429,test
Asia-4845,test
Asia-7250,test
Asia-4542,test
Asia-7537,test
Asia-7461,test
Asia-577,test
Asia-5382,test
Americas-533,test
Asia-10342,test
Asia-8853,test
Asia-5975,test
Asia-8010,test
Asia-331,test
Asia-411,test
Americas-11,test
Americas-707,test
Asia-4124,test
Europe-40,test
Americas-718,test
Asia-2914,test
Asia-6225,test
Europe-110,test
Asia-8746,test
Asia-4820,test
Asia-8078,test
Asia-795,test
Asia-228,test
Asia-882,test
Asia-2923,test
Asia-6212,test
Asia-5466,test
Asia-7800,test
Asia-6616,test
Asia-1214,test
Asia-3330,test
Asia-5020,test
Asia-838,test
Americas-50,test
Asia-8422,test
Europe-292,test
Asia-1804,test
Americas-434,test
Asia-8455,test
Asia-8790,test
Asia-4735,test
Asia-4478,test
Asia-10479,test
Asia-7078,test
Asia-7305,test
Oceania-25,test
Asia-10638,test
Asia-1282,test
Asia-3289,test
Asia-2222,test
Americas-221,test
Asia-8383,test
Asia-4148,test
Asia-5217,test
Asia-10344,test
Asia-8658,test
Asia-9625,test
Asia-4743,test
Asia-7298,test
Asia-514,test
Asia-312,test
Asia-4202,test
Europe-305,test
Oceania-125,test
Asia-5080,test
Asia-3448,test
Asia-2389,test
Asia-3990,test
Africa-249,test
Asia-4011,test
Asia-2593,test
Asia-5479,test
Asia-3621,test
Asia-1704,test
Asia-1806,test
Asia-4481,test
Asia-1964,test
Asia-3195,test
Asia-488,test
Asia-3680,test
Africa-278,test
Asia-7014,test
Asia-6070,test
Asia-9580,test
Americas-108,test
Asia-4065,test
Asia-9029,test
Oceania-133,test
Americas-540,test
Asia-2632,test
Asia-8898,test
Asia-6166,test
Asia-10236,test
Asia-389,test
Asia-1924,test
Asia-10590,test
Europe-347,test
Asia-9656,test
Asia-8644,test
Asia-4677,test
Europe-453,test
Asia-8076,test
Americas-468,test
Asia-2474,test
Asia-5650,test
Americas-472,test
Asia-2233,test
Asia-1348,test
Asia-1594,test
Americas-1154,test
Asia-9386,test
Asia-1607,test
Asia-3616,test
Africa-587,test
Asia-1733,test
Asia-2754,test
Asia-6163,test
Asia-8414,test
Asia-5372,test
Africa-146,test
Americas-1088,test
Asia-7574,test
Asia-2237,test
Asia-1958,test
Asia-10243,test
Americas-1047,test
Asia-1840,test
Asia-8257,test
Asia-7501,test
Americas-241,test
Asia-1692,test
Asia-10046,test
Asia-3998,test
Americas-589,test
Asia-5399,test
Americas-729,test
Asia-8388,test
Asia-5359,test
Asia-7911,test
Europe-250,test
Asia-966,test
Africa-178,test
Asia-9896,test
Africa-339,test
Asia-2406,test
Asia-5655,test
Asia-1905,test
Asia-3308,test
Asia-4075,test
Europe-177,test
Americas-627,test
Asia-1158,test
Asia-1085,test
Asia-7229,test
Asia-4849,test
Africa-149,test
Asia-9518,test
Asia-3888,test
Asia-5621,test
Asia-2123,test
Asia-8303,test
Asia-953,test
Asia-4852,test
Asia-8927,test
Americas-287,test
Asia-34,test
Asia-4344,test
Europe-136,test
Americas-870,test
Asia-2992,test
Americas-693,test
Asia-6976,test
Asia-7019,test
Americas-395,test
Asia-5831,test
Asia-7372,test
Asia-1513,test
Africa-369,test
Americas-632,test
Asia-7169,test
Asia-5938,test
Asia-5121,test
Asia-6128,test
Asia-9857,test
Asia-9552,test
Americas-985,test
Americas-290,test
Asia-4292,test
Americas-363,test
Americas-1030,test
Asia-5280,test
Americas-64,test
Asia-8167,test
Asia-10116,test
Asia-674,test
Africa-213,test
Asia-6189,test
Asia-10666,test
Asia-5815,test
Americas-110,test
Asia-3413,test
Asia-5390,test
Asia-873,test
Asia-6849,test
Asia-7034,test
Asia-8365,test
Asia-10075,test
Asia-10555,test
Asia-150,test
Asia-3470,test
Asia-7624,test
Asia-7924,test
Asia-1433,test
Asia-9845,test
Asia-2155,test
Asia-7147,test
Asia-564,test
Asia-10522,test
Asia-4229,test
Asia-5786,test
Asia-6757,test
Asia-8417,test
Asia-3835,test
Asia-3062,test
Asia-5737,test
Asia-8632,test
Asia-4853,test
Asia-5197,test
Americas-364,test
Asia-6162,test
Americas-245,test
Asia-4310,test
Americas-1094,test
Asia-5226,test
Asia-10081,test
Asia-57,test
Asia-6201,test
Asia-3354,test
Europe-78,test
Asia-9780,test
Asia-1656,test
Africa-185,test
Asia-3972,test
Asia-5352,test
Asia-5460,test
Americas-244,test
Asia-4442,test
Asia-3896,test
Europe-599,test
Oceania-19,test
Asia-7812,test
Asia-10829,test
Asia-3602,test
Europe-57,test
Asia-4455,test
Asia-4503,test
Asia-1196,test
Oceania-112,test
Asia-10403,test
Asia-2895,test
Asia-1598,test
Asia-5160,test
Asia-5240,test
Asia-6826,test
Asia-1579,test
Asia-432,test
Africa-301,test
Africa-175,test
Asia-5095,test
Asia-4756,test
Europe-438,test
Asia-5859,test
Americas-600,test
Asia-136,test
Asia-9249,test
Asia-4404,test
Americas-1046,test
Asia-4251,test
Asia-3404,test
Asia-10607,test
Asia-7457,test
Asia-1077,test
Africa-558,test
Asia-8289,test
Asia-2819,test
Asia-1517,test
Asia-8721,test
Africa-87,test
Asia-4583,test
Asia-1577,test
Americas-345,test
Asia-741,test
Asia-96,test
Americas-786,test
Americas-598,test
Asia-3729,test
Asia-7033,test
Asia-2817,test
Europe-25,test
Asia-5404,test
Asia-5071,test
Asia-6887,test
Asia-1965,test
Asia-3264,test
Europe-102,test
Asia-3078,test
Asia-5863,test
Asia-1225,test
Asia-4685,test
Asia-1892,test
Asia-8517,test
Asia-9305,test
Asia-511,test
Asia-6424,test
Asia-1184,test
Asia-5681,test
Asia-2969,test
Asia-7135,test
Asia-9148,test
Asia-6799,test
Asia-5269,test
Asia-5883,test
Asia-8814,test
Europe-219,test
Asia-3693,test
Asia-2586,test
Asia-6187,test
Asia-2110,test
Americas-618,test
Asia-3946,test
Asia-8311,test
Americas-623,test
Asia-2957,test
Asia-3932,test
Asia-8505,test
Asia-9462,test
Asia-8212,test
Asia-1200,test
Asia-7499,test
Asia-10596,test
Asia-8532,test
Asia-6884,test
Asia-2338,test
Asia-959,test
Asia-8626,test
Asia-6624,test
Americas-329,test
Americas-782,test
Asia-3610,test
Asia-8286,test
Americas-919,test
Asia-5418,test
Asia-759,test
Europe-211,test
Asia-368,test
Asia-4191,test
Europe-350,test
Asia-10160,test
Asia-6891,test
Africa-219,test
Asia-8161,test
Asia-2026,test
Asia-7394,test
Asia-2289,test
Africa-496,test
Asia-8937,test
Asia-5683,test
Asia-7449,test
Asia-7380,test
Asia-6747,test
Asia-625,test
Asia-10163,test
Asia-533,test
Asia-8186,test
Asia-1663,test
Asia-4504,test
Asia-1509,test
Asia-7382,test
Asia-3101,test
Asia-9250,test
Asia-3016,test
Americas-169,test
Asia-2056,test
Americas-1000,test
Asia-6674,test
Americas-724,test
Americas-550,test
Asia-3674,test
Asia-3371,test
Africa-593,test
Asia-3992,test
Asia-6635,test
Asia-2318,test
Asia-3873,test
Asia-10761,test
Asia-3777,test
Asia-9964,test
Asia-5539,test
Asia-1403,test
Asia-9403,test
Asia-4316,test
Asia-8710,test
Asia-8857,test
Asia-10190,test
Asia-3995,test
Asia-10769,test
Asia-1438,test
Asia-1865,test
Asia-8700,test
Asia-5307,test
Americas-307,test
Asia-1693,test
Asia-5206,test
Asia-3024,test
Asia-2692,test
Americas-555,test
Asia-6727,test
Asia-9945,test
Asia-2996,test
Asia-5533,test
Oceania-200,test
Asia-7773,test
Asia-8567,test
Africa-248,test
Asia-10633,test
Asia-89,test
Asia-4030,test
Americas-271,test
Asia-578,test
Asia-4642,test
Asia-4162,test
Asia-475,test
Asia-4044,test
Asia-1886,test
Asia-2803,test
Asia-1635,test
Africa-536,test
Asia-9402,test
Asia-6679,test
Asia-8745,test
Asia-9988,test
Asia-4780,test
Europe-627,test
Asia-9242,test
Asia-4130,test
Asia-7818,test
Oceania-183,test
Asia-3938,test
Asia-8557,test
Asia-2628,test
Asia-7279,test
Asia-9406,test
Asia-305,test
Asia-1455,test
Asia-10311,test
Africa-211,test
Africa-214,test
Asia-10586,test
Asia-6350,test
Asia-6854,test
Asia-7038,test
Asia-9073,test
Asia-8905,test
Asia-6570,test
Asia-7337,test
Asia-2596,test
Asia-4890,test
Asia-3929,test
Asia-417,test
Americas-459,test
Africa-73,test
Asia-5066,test
Asia-5757,test
Asia-8344,test
Asia-7920,test
Africa-555,test
Asia-8945,test
Asia-734,test
Asia-4314,test
Asia-9016,test
Asia-7198,test
Asia-4408,test
Asia-5227,test
Asia-2649,test
Asia-10367,test
Asia-3081,test
Americas-52,test
Asia-8270,test
Asia-4861,test
Europe-426,test
Asia-2590,test
Europe-73,test
Asia-1091,test
Asia-1369,test
Asia-648,test
Asia-7925,test
Asia-9695,test
Asia-901,test
Asia-6957,test
Asia-3188,test
Asia-6389,test
Asia-8288,test
Americas-381,test
Asia-10452,test
Asia-6622,test
Asia-9962,test
Asia-5045,test
Europe-590,test
Europe-30,test
Asia-3127,test
Asia-7508,test
Asia-783,test
Europe-61,test
Asia-4158,test
Asia-4254,test
Asia-9647,test
Asia-4050,test
Asia-6867,test
Asia-3132,test
Asia-8029,test
Asia-7614,test
Asia-7293,test
Asia-4416,test
Asia-5228,test
Asia-1906,test
Asia-10219,test
Asia-9423,test
Asia-6439,test
Asia-5303,test
Africa-91,test
Asia-7517,test
Africa-136,test
Asia-2302,test
Asia-9457,test
